,fopt,kch,species,delta
0,0.01,3,Tc1,674.368424766385
1,0.02,3,Tc1,688.0155227837577
2,0.03,3,Tc1,702.0799569703969
3,0.04,3,Tc1,716.5788482267088
4,0.05,3,Tc1,731.5301990053057
5,0.06,3,Tc1,746.95294782282
6,0.07,3,Tc1,762.8670276852056
7,0.08,3,Tc1,779.2934287442453
8,0.09,3,Tc1,796.254265528751
9,0.1,3,Tc1,813.7728491261435
10,0.11,3,Tc1,831.8737647221501
11,0.12,3,Tc1,850.582954942593
12,0.13,3,Tc1,869.9278094818729
13,0.14,3,Tc1,889.9372615431722
14,0.15,3,Tc1,910.6418916641604
15,0.16,3,Tc1,932.0740395508884
16,0.17,3,Tc1,954.2679245967057
17,0.18,3,Tc1,977.2597758224965
18,0.19,3,Tc1,1001.0879720354969
19,0.2,3,Tc1,1025.7931930717396
20,0.21,3,Tc1,1051.4185830567633
21,0.22,3,Tc1,1078.0099266931293
22,0.23,3,Tc1,1105.6158396588662
23,0.24,3,Tc1,1134.2879742793023
24,0.25,3,Tc1,1164.081241708958
25,0.26,3,Tc1,1195.0540519361755
26,0.27,3,Tc1,1227.2685729846205
27,0.28,3,Tc1,1260.7910107410805
28,0.29,3,Tc1,1295.6919108678737
29,0.3,3,Tc1,1332.0464842579656
30,0.31,3,Tc1,1369.9349574434098
31,0.32,3,Tc1,1409.4429492514323
32,0.33,3,Tc1,1450.6618747933985
33,0.34,3,Tc1,1493.6893775244685
34,0.35,3,Tc1,1538.6297895793932
35,0.36,3,Tc1,1585.5946197927992
36,0.37,3,Tc1,1634.703067652707
37,0.38,3,Tc1,1686.0825597670994
38,0.39,3,Tc1,1739.8693030522493
39,0.4,3,Tc1,1796.2088454932639
40,0.41,3,Tc1,1855.256630599783
41,0.42,3,Tc1,1917.1785250160594
42,0.43,3,Tc1,1982.1512893659228
43,0.44,3,Tc1,2050.362949170447
44,0.45,3,Tc1,2122.0130039311225
45,0.46,3,Tc1,2197.312385812391
46,0.47,3,Tc1,2276.483041250946
47,0.48,3,Tc1,2359.7569539929714
48,0.49,3,Tc1,2447.374348624087
49,0.5,3,Tc1,2539.5806976207245
50,0.51,3,Tc1,2636.6219839720065
51,0.52,3,Tc1,2738.7374170624503
52,0.53,3,Tc1,2846.1484172900755
53,0.54,3,Tc1,2959.042104478769
54,0.55,3,Tc1,3077.546634314601
55,0.56,3,Tc1,3201.6943454785037
56,0.57,3,Tc1,3331.3665171397815
57,0.58,3,Tc1,3466.210124789708
58,0.59,3,Tc1,3605.5115828046464
59,0.6,3,Tc1,3748.0039519718243
60,0.61,3,Tc1,3891.570928791119
61,0.62,3,Tc1,4032.791570057653
62,0.63,3,Tc1,4166.244649782409
63,0.64,3,Tc1,4283.470740903177
64,0.65,3,Tc1,4371.515203307077
65,0.67,3,Tc1,4393.471804584972
66,0.68,3,Tc1,4232.862495763143
67,0.69,3,Tc1,3953.6224466938
68,0.7,3,Tc1,3532.6226586537896
69,0.71,3,Tc1,3007.557503299771
70,0.72,3,Tc1,2453.178015972234
71,0.73,3,Tc1,1944.0564392340473
72,0.74,3,Tc1,1521.6797232327153
73,0.75,3,Tc1,1192.3581559685988
74,0.76,3,Tc1,943.2065956833973
75,0.77,3,Tc1,756.3384414264839
76,0.78,3,Tc1,615.6429269274975
77,0.79,3,Tc1,508.6055685599059
78,0.8,3,Tc1,426.08284922862043
79,0.81,3,Tc1,361.5478801773801
80,0.82,3,Tc1,310.3631047236323
81,0.83,3,Tc1,269.21733830689027
82,0.84,3,Tc1,235.72352291455425
83,0.85,3,Tc1,208.1402393997562
84,0.86,3,Tc1,185.1807876279649
85,0.87,3,Tc1,165.88216725831714
86,0.88,3,Tc1,149.51456438214436
87,0.89,3,Tc1,135.51821801419794
88,0.9,3,Tc1,123.45889545549358
89,0.91,3,Tc1,112.99612462604775
90,0.92,3,Tc1,103.86026163662896
91,0.93,3,Tc1,95.83574502894399
92,0.94,3,Tc1,88.7487309114656
93,0.95,3,Tc1,82.45786500794445
94,0.96,3,Tc1,76.8473254190581
95,0.97,3,Tc1,71.82152643873957
96,0.98,3,Tc1,67.30104976676324
97,0.99,3,Tc1,63.21949145925595
98,1.0,3,Tc1,59.52099839950046
99,0.01,10,Tc1,529.42402094518
100,0.02,10,Tc1,539.5611276655472
101,0.03,10,Tc1,549.9851355632474
102,0.04,10,Tc1,560.7065641988355
103,0.05,10,Tc1,571.7363891247486
104,0.06,10,Tc1,583.0860629530893
105,0.07,10,Tc1,594.7675372345196
106,0.08,10,Tc1,606.7932851324716
107,0.09,10,Tc1,619.1763248665214
108,0.1,10,Tc1,631.9302438818335
109,0.11,10,Tc1,645.0692236858234
110,0.12,10,Tc1,658.6080652685272
111,0.13,10,Tc1,672.5622149985151
112,0.14,10,Tc1,686.9477908508082
113,0.15,10,Tc1,701.7816087863152
114,0.16,10,Tc1,717.0812090520024
115,0.17,10,Tc1,732.8648821142217
116,0.18,10,Tc1,749.1516938672489
117,0.19,10,Tc1,765.9615096754344
118,0.2,10,Tc1,783.3150167048409
119,0.21,10,Tc1,801.2337438793353
120,0.22,10,Tc1,819.7400786482824
121,0.23,10,Tc1,838.8572795769725
122,0.24,10,Tc1,858.6094835580086
123,0.25,10,Tc1,879.0217061864261
124,0.26,10,Tc1,900.1198335346536
125,0.27,10,Tc1,921.9306031933448
126,0.28,10,Tc1,944.4815720002445
127,0.29,10,Tc1,967.8010673458903
128,0.3,10,Tc1,991.9181183023502
129,0.31,10,Tc1,1016.8623620507778
130,0.32,10,Tc1,1042.6639201560865
131,0.33,10,Tc1,1069.3532381260402
132,0.34,10,Tc1,1096.960880356277
133,0.35,10,Tc1,1125.5172709651158
134,0.36,10,Tc1,1155.0523691084197
135,0.37,10,Tc1,1185.5952650826327
136,0.38,10,Tc1,1217.1736808047615
137,0.39,10,Tc1,1249.813355036598
138,0.4,10,Tc1,1283.5372899141464
139,0.41,10,Tc1,1318.3648308848722
140,0.42,10,Tc1,1354.31054696562
141,0.43,10,Tc1,1391.3828722736969
142,0.44,10,Tc1,1429.582463030964
143,0.45,10,Tc1,1468.9002167626754
144,0.46,10,Tc1,1509.3148923795738
145,0.47,10,Tc1,1550.790261610594
146,0.48,10,Tc1,1593.2717144974035
147,0.49,10,Tc1,1636.6822354681958
148,0.5,10,Tc1,1680.9176636120567
149,0.51,10,Tc1,1725.8411538500907
150,0.52,10,Tc1,1771.2767686838545
151,0.53,10,Tc1,1817.0021587823142
152,0.54,10,Tc1,1862.740342712412
153,0.55,10,Tc1,1908.1506821339628
154,0.56,10,Tc1,1952.819282040694
155,0.57,10,Tc1,1996.2492416482723
156,0.58,10,Tc1,2037.851456190786
157,0.59,10,Tc1,2076.9370351675416
158,0.6,10,Tc1,2112.7128586133476
159,0.61,10,Tc1,2144.2823150331133
160,0.62,10,Tc1,2170.653784782142
161,0.63,10,Tc1,2190.759818130048
162,0.64,10,Tc1,2203.4899936966535
163,0.65,10,Tc1,2207.7398387949966
164,0.66,10,Tc1,2202.476630063016
165,0.67,10,Tc1,2186.820147648187
166,0.68,10,Tc1,2160.1325995372786
167,0.69,10,Tc1,2122.1075489303066
168,0.7,10,Tc1,2072.843974099383
169,0.71,10,Tc1,2012.8902067952804
170,0.72,10,Tc1,1943.2449040007423
171,0.73,10,Tc1,1865.308848043115
172,0.74,10,Tc1,1780.7909927587714
173,0.75,10,Tc1,1691.5819659204642
174,0.76,10,Tc1,1599.614917828545
175,0.77,10,Tc1,1506.7349672543387
176,0.78,10,Tc1,1414.5944565918044
177,0.79,10,Tc1,1324.583713381229
178,0.8,10,Tc1,1237.7988396670833
179,0.81,10,Tc1,1155.0415889703106
180,0.82,10,Tc1,1076.8427957754052
181,0.83,10,Tc1,1003.5000130488006
182,0.84,10,Tc1,935.1211612102808
183,0.85,10,Tc1,871.6680897706389
184,0.86,10,Tc1,812.9961914919243
185,0.87,10,Tc1,758.888110396412
186,0.88,10,Tc1,709.0809663908765
187,0.89,10,Tc1,663.2873901468423
188,0.9,10,Tc1,621.2111235147626
189,0.91,10,Tc1,582.5581169420951
190,0.92,10,Tc1,547.0440557096704
191,0.93,10,Tc1,514.3991535493337
192,0.94,10,Tc1,484.37092019377627
193,0.95,10,Tc1,456.7254714486235
194,0.96,10,Tc1,431.24782375238016
195,0.97,10,Tc1,407.7415072663481
196,0.98,10,Tc1,386.02774391521245
197,0.99,10,Tc1,365.9443680933915
198,1.0,10,Tc1,347.3446152911262
199,0.01,30,Tc1,318.4896917983906
200,0.02,30,Tc1,323.5938717544286
201,0.03,30,Tc1,328.81040163413223
202,0.04,30,Tc1,334.1420579446321
203,0.05,30,Tc1,339.59166859146984
204,0.06,30,Tc1,345.1621108975816
205,0.07,30,Tc1,350.8563091701487
206,0.08,30,Tc1,356.67723175899954
207,0.09,30,Tc1,362.6278875461823
208,0.1,30,Tc1,368.7113217986731
209,0.11,30,Tc1,374.9306113105378
210,0.12,30,Tc1,381.28885875198665
211,0.13,30,Tc1,387.7891861352051
212,0.14,30,Tc1,394.43472729776624
213,0.15,30,Tc1,401.2286192949667
214,0.16,30,Tc1,408.1739925805774
215,0.17,30,Tc1,415.273959846763
216,0.18,30,Tc1,422.5316033787075
217,0.19,30,Tc1,429.94996076883996
218,0.2,30,Tc1,437.5320088208351
219,0.21,30,Tc1,445.28064545888896
220,0.22,30,Tc1,453.19866944271286
221,0.23,30,Tc1,461.2887576724002
222,0.24,30,Tc1,469.5534398517575
223,0.25,30,Tc1,477.99507026038515
224,0.26,30,Tc1,486.61579636950546
225,0.27,30,Tc1,495.4175240191712
226,0.28,30,Tc1,504.4018788585613
227,0.29,30,Tc1,513.5701637370881
228,0.3,30,Tc1,522.9233117209556
229,0.31,30,Tc1,532.4618343998277
230,0.32,30,Tc1,542.1857651424939
231,0.33,30,Tc1,552.094596959841
232,0.34,30,Tc1,562.1872146376058
233,0.35,30,Tc1,572.4618208173096
234,0.36,30,Tc1,582.9158557262411
235,0.37,30,Tc1,593.5459102966882
236,0.38,30,Tc1,604.3476324656689
237,0.39,30,Tc1,615.3156265203728
238,0.4,30,Tc1,626.4433454482509
239,0.41,30,Tc1,637.7229763724729
240,0.42,30,Tc1,649.1453193060119
241,0.43,30,Tc1,660.699659645706
242,0.44,30,Tc1,672.3736350564644
243,0.45,30,Tc1,684.1530976694679
244,0.46,30,Tc1,696.021972842413
245,0.47,30,Tc1,707.9621161056626
246,0.48,30,Tc1,719.9531703521636
247,0.49,30,Tc1,731.9724258180252
248,0.5,30,Tc1,743.9946859450622
249,0.51,30,Tc1,755.992142811396
250,0.52,30,Tc1,767.9342664501057
251,0.53,30,Tc1,779.7877130364889
252,0.54,30,Tc1,791.516257586067
253,0.55,30,Tc1,803.080757443103
254,0.56,30,Tc1,814.4391534103754
255,0.57,30,Tc1,825.5465158303052
256,0.58,30,Tc1,836.3551432179512
257,0.59,30,Tc1,846.8147211018041
258,0.6,30,Tc1,856.8725484788039
259,0.61,30,Tc1,866.4738386587479
260,0.62,30,Tc1,875.5621001931096
261,0.63,30,Tc1,884.0796019851715
262,0.64,30,Tc1,891.9679245234184
263,0.65,30,Tc1,899.1685964477475
264,0.66,30,Tc1,905.6238123695485
265,0.67,30,Tc1,911.2772240924406
266,0.68,30,Tc1,916.0747932441601
267,0.69,30,Tc1,919.9656890159625
268,0.7,30,Tc1,922.9032104583658
269,0.71,30,Tc1,924.8457088940305
270,0.72,30,Tc1,925.7574828021908
271,0.73,30,Tc1,925.6096153407717
272,0.74,30,Tc1,924.3807238051878
273,0.75,30,Tc1,922.0575910248036
274,0.76,30,Tc1,918.6356511164141
275,0.77,30,Tc1,914.1193061703681
276,0.78,30,Tc1,908.5220562116766
277,0.79,30,Tc1,901.8664318809207
278,0.8,30,Tc1,894.1837273026969
279,0.81,30,Tc1,885.5135390365141
280,0.82,30,Tc1,875.9031252630256
281,0.83,30,Tc1,865.4066068748072
282,0.84,30,Tc1,854.0840383996275
283,0.85,30,Tc1,842.0003812865608
284,0.86,30,Tc1,829.2244147726472
285,0.87,30,Tc1,815.8276202407926
286,0.88,30,Tc1,801.8830737524233
287,0.89,30,Tc1,787.4643785278288
288,0.9,30,Tc1,772.6446648857284
289,0.91,30,Tc1,757.4956799529439
290,0.92,30,Tc1,742.0869837462981
291,0.93,30,Tc1,726.4852624176222
292,0.94,30,Tc1,710.753763903138
293,0.95,30,Tc1,694.9518562068073
294,0.96,30,Tc1,679.1347042790215
295,0.97,30,Tc1,663.3530580282235
296,0.98,30,Tc1,647.6531414697314
297,0.99,30,Tc1,632.0766313331654
298,1.0,30,Tc1,616.6607125436707
299,0.01,100,Tc1,129.45904490184148
300,0.02,100,Tc1,131.03431905919933
301,0.03,100,Tc1,132.63464124424902
302,0.04,100,Tc1,134.26041653713125
303,0.05,100,Tc1,135.91205245361377
304,0.06,100,Tc1,137.58995857040196
305,0.07,100,Tc1,139.29454611429708
306,0.08,100,Tc1,141.02622751217956
307,0.09,100,Tc1,142.78541589992537
308,0.1,100,Tc1,144.5725245870561
309,0.11,100,Tc1,146.38796647420813
310,0.12,100,Tc1,148.23215342082685
311,0.13,100,Tc1,150.10549555931888
312,0.14,100,Tc1,152.00840055281319
313,0.15,100,Tc1,153.94127279282685
314,0.16,100,Tc1,155.90451253335672
315,0.17,100,Tc1,157.89851495724164
316,0.18,100,Tc1,159.92366917143985
317,0.19,100,Tc1,161.98035712668556
318,0.2,100,Tc1,164.0689524574553
319,0.21,100,Tc1,166.1898192380025
320,0.22,100,Tc1,168.34331064967486
321,0.23,100,Tc1,170.5297675553537
322,0.24,100,Tc1,172.74951697579613
323,0.25,100,Tc1,175.00287046370872
324,0.26,100,Tc1,177.2901223700954
325,0.27,100,Tc1,179.6115479982971
326,0.28,100,Tc1,181.96740164112254
327,0.29,100,Tc1,184.35791449540005
328,0.3,100,Tc1,186.78329245010428
329,0.31,100,Tc1,189.24371374253025
330,0.32,100,Tc1,191.73932647852308
331,0.33,100,Tc1,194.27024601218346
332,0.34,100,Tc1,196.83655218125278
333,0.35,100,Tc1,199.43828639398
334,0.36,100,Tc1,202.0754485648693
335,0.37,100,Tc1,204.74799389639867
336,0.38,100,Tc1,207.4558295041923
337,0.39,100,Tc1,210.1988108850035
338,0.4,100,Tc1,212.97673822666619
339,0.41,100,Tc1,215.78935256061513
340,0.42,100,Tc1,218.63633175864814
341,0.43,100,Tc1,221.5172863772066
342,0.44,100,Tc1,224.4317553530207
343,0.45,100,Tc1,227.37920155732334
344,0.46,100,Tc1,230.35900721513352
345,0.47,100,Tc1,233.3704692013509
346,0.48,100,Tc1,236.41279422415644
347,0.49,100,Tc1,239.48509391225323
348,0.5,100,Tc1,242.58637982154573
349,0.51,100,Tc1,245.7155583834035
350,0.52,100,Tc1,248.87142581637795
351,0.53,100,Tc1,252.0526630293259
352,0.54,100,Tc1,255.25783054574708
353,0.55,100,Tc1,258.4853634834642
354,0.56,100,Tc1,261.7335666280494
355,0.57,100,Tc1,265.0006096414727
356,0.58,100,Tc1,268.28452245281346
357,0.59,100,Tc1,271.58319088107396
358,0.6,100,Tc1,274.8943525452885
359,0.61,100,Tc1,278.2155931202849
360,0.62,100,Tc1,281.5443430014964
361,0.63,100,Tc1,284.8778744458057
362,0.64,100,Tc1,288.213299258359
363,0.65,100,Tc1,291.54756709963266
364,0.66,100,Tc1,294.8774644883312
365,0.67,100,Tc1,298.199614579016
366,0.68,100,Tc1,301.51047779365825
367,0.69,100,Tc1,304.80635338676933
368,0.7,100,Tc1,308.0833820240511
369,0.71,100,Tc1,311.3375494506042
370,0.72,100,Tc1,314.5646913237212
371,0.73,100,Tc1,317.7604992790063
372,0.74,100,Tc1,320.9205282928903
373,0.75,100,Tc1,324.0402053966133
374,0.76,100,Tc1,327.11483978716814
375,0.77,100,Tc1,330.13963436874263
376,0.78,100,Tc1,333.1096987451471
377,0.79,100,Tc1,336.02006366895665
378,0.8,100,Tc1,338.865696935363
379,0.81,100,Tc1,341.6415206910412
380,0.82,100,Tc1,344.34243010842135
381,0.83,100,Tc1,346.96331335437634
382,0.84,100,Tc1,349.4990727606361
383,0.85,100,Tc1,351.944647081518
384,0.86,100,Tc1,354.29503470063503
385,0.87,100,Tc1,356.5453176278194
386,0.88,100,Tc1,358.6906861049098
387,0.89,100,Tc1,360.7264636201986
388,0.9,100,Tc1,362.64813211207604
389,0.91,100,Tc1,364.45135712888225
390,0.92,100,Tc1,366.1320126971983
391,0.93,100,Tc1,367.6862056434853
392,0.94,100,Tc1,369.110299108028
393,0.95,100,Tc1,370.4009349892427
394,0.96,100,Tc1,371.5550550601844
395,0.97,100,Tc1,372.5699205071347
396,0.98,100,Tc1,373.443129653219
397,0.99,100,Tc1,374.17263364727626
398,1.0,100,Tc1,374.7567499206067
399,0.01,300,Tc1,47.68145352904867
400,0.02,300,Tc1,48.17381462710273
401,0.03,300,Tc1,48.67318689643981
402,0.04,300,Tc1,49.179687949003885
403,0.05,300,Tc1,49.69343735854181
404,0.06,300,Tc1,50.214556678793116
405,0.07,300,Tc1,50.74316946031554
406,0.08,300,Tc1,51.27940126642446
407,0.09,300,Tc1,51.82337968788036
408,0.1,300,Tc1,52.37523435582711
409,0.11,300,Tc1,52.93509695347896
410,0.12,300,Tc1,53.5031012261243
411,0.13,300,Tc1,54.07938298899348
412,0.14,300,Tc1,54.664080133556986
413,0.15,300,Tc1,55.25733263116319
414,0.16,300,Tc1,55.85928253481138
415,0.17,300,Tc1,56.47007397790271
416,0.18,300,Tc1,57.08985317064627
417,0.19,300,Tc1,57.718768393215164
418,0.2,300,Tc1,58.35696998576618
419,0.21,300,Tc1,59.00461033500062
420,0.22,300,Tc1,59.66184385724768
421,0.23,300,Tc1,60.328826977001825
422,0.24,300,Tc1,61.00571810188751
423,0.25,300,Tc1,61.69267759248663
424,0.26,300,Tc1,62.38986772743823
425,0.27,300,Tc1,63.09745266348722
426,0.28,300,Tc1,63.81559838966945
427,0.29,300,Tc1,64.5444726755389
428,0.3,300,Tc1,65.28424501311741
429,0.31,300,Tc1,66.03508655205127
430,0.32,300,Tc1,66.79717002728006
431,0.33,300,Tc1,67.57066967938948
432,0.34,300,Tc1,68.35576116629903
433,0.35,300,Tc1,69.15262146653764
434,0.36,300,Tc1,69.9614287732856
435,0.37,300,Tc1,70.78236237839513
436,0.38,300,Tc1,71.6156025461259
437,0.39,300,Tc1,72.46133037581323
438,0.4,300,Tc1,73.31972765298353
439,0.41,300,Tc1,74.19097668805568
440,0.42,300,Tc1,75.07526014185252
441,0.43,300,Tc1,75.972760837817
442,0.44,300,Tc1,76.88366155916803
443,0.45,300,Tc1,77.80814483114675
444,0.46,300,Tc1,78.74639268707135
445,0.47,300,Tc1,79.69858641749889
446,0.48,300,Tc1,80.6649063013537
447,0.49,300,Tc1,81.64553131889527
448,0.5,300,Tc1,82.640638844532
449,0.51,300,Tc1,83.6504043194963
450,0.52,300,Tc1,84.67500090293917
451,0.53,300,Tc1,85.71459910053811
452,0.54,300,Tc1,86.76936636973089
453,0.55,300,Tc1,87.83946670048401
454,0.56,300,Tc1,88.9250601706407
455,0.57,300,Tc1,90.02630247478102
456,0.58,300,Tc1,91.14334442563168
457,0.59,300,Tc1,92.27633142691039
458,0.6,300,Tc1,93.42540291690958
459,0.61,300,Tc1,94.59069178119526
460,0.62,300,Tc1,95.77232373433154
461,0.63,300,Tc1,96.97041666895521
462,0.64,300,Tc1,98.18507997165389
463,0.65,300,Tc1,99.41641380491993
464,0.66,300,Tc1,100.66450835417973
465,0.67,300,Tc1,101.92944303935283
466,0.68,300,Tc1,103.21128569021303
467,0.69,300,Tc1,104.51009168543912
468,0.7,300,Tc1,105.82590305439216
469,0.71,300,Tc1,107.15874754198457
470,0.72,300,Tc1,108.50863763635051
471,0.73,300,Tc1,109.87556955899426
472,0.74,300,Tc1,111.25952221884735
473,0.75,300,Tc1,112.6604561293333
474,0.76,300,Tc1,114.07831229050761
475,0.77,300,Tc1,115.51301103645518
476,0.78,300,Tc1,116.96445084983215
477,0.79,300,Tc1,118.43250714471186
478,0.8,300,Tc1,119.91703102037253
479,0.81,300,Tc1,121.41784798786819
480,0.82,300,Tc1,122.93475667238579
481,0.83,300,Tc1,124.46752749485756
482,0.84,300,Tc1,126.01590133608613
483,0.85,300,Tc1,127.57958818792747
484,0.86,300,Tc1,129.1582657959906
485,0.87,300,Tc1,130.7515782994186
486,0.88,300,Tc1,132.3591348730132
487,0.89,300,Tc1,133.98050837888593
488,0.9,300,Tc1,135.61523403366198
489,0.91,300,Tc1,137.26280809985371
490,0.92,300,Tc1,138.92268660883917
491,0.93,300,Tc1,140.59428412463137
492,0.94,300,Tc1,142.27697255810344
493,0.95,300,Tc1,143.9700800413674
494,0.96,300,Tc1,145.67288987316246
495,0.97,300,Tc1,147.38463954681706
496,0.98,300,Tc1,149.10451987193468
497,0.99,300,Tc1,150.83167420268623
498,1.0,300,Tc1,152.56519778508832
499,0.01,3,Tc2,5.513481795316011
500,0.02,3,Tc2,5.660621915551189
501,0.03,3,Tc2,5.813850459527715
502,0.04,3,Tc2,5.973513563913001
503,0.05,3,Tc2,6.1399826352129585
504,0.06,3,Tc2,6.313656617770395
505,0.07,3,Tc2,6.494964504551598
506,0.08,3,Tc2,6.684368120910737
507,0.09,3,Tc2,6.882365216060297
508,0.1,3,Tc2,7.0894929018322665
509,0.11,3,Tc2,7.306331484285526
510,0.12,3,Tc2,7.533508740525011
511,0.13,3,Tc2,7.771704701073638
512,0.14,3,Tc2,8.021657007576259
513,0.15,3,Tc2,8.284166926635821
514,0.16,3,Tc2,8.560106113574754
515,0.17,3,Tc2,8.850424235379243
516,0.18,3,Tc2,9.15615758024872
517,0.19,3,Tc2,9.47843880298648
518,0.2,3,Tc2,9.818507981292148
519,0.21,3,Tc2,10.177725189061013
520,0.22,3,Tc2,10.55758482998356
521,0.23,3,Tc2,10.959732019630044
522,0.24,3,Tc2,11.385981358316165
523,0.25,3,Tc2,11.838338502938928
524,0.26,3,Tc2,12.319025025941233
525,0.27,3,Tc2,12.830507147592119
526,0.28,3,Tc2,13.375529047925726
527,0.29,3,Tc2,13.957151612915263
528,0.3,3,Tc2,14.5787976529533
529,0.31,3,Tc2,15.24430485990392
530,0.32,3,Tc2,15.957988054336155
531,0.33,3,Tc2,16.724712632603186
532,0.34,3,Tc2,17.549981575837123
533,0.35,3,Tc2,18.44003895663073
534,0.36,3,Tc2,19.401993611828043
535,0.37,3,Tc2,20.443967589909544
536,0.38,3,Tc2,21.5752751959897
537,0.39,3,Tc2,22.806640035742
538,0.4,3,Tc2,24.150459525016267
539,0.41,3,Tc2,25.62112905311421
540,0.42,3,Tc2,27.23544159951385
541,0.43,3,Tc2,29.01308343420934
542,0.44,3,Tc2,30.977253043498337
543,0.45,3,Tc2,33.15543927500639
544,0.46,3,Tc2,35.580406834201
545,0.47,3,Tc2,38.29145406216998
546,0.48,3,Tc2,41.336031391142534
547,0.49,3,Tc2,44.771841983334994
548,0.5,3,Tc2,48.669593252313305
549,0.51,3,Tc2,53.11663594887785
550,0.52,3,Tc2,58.221826481673084
551,0.53,3,Tc2,64.12209384888848
552,0.54,3,Tc2,70.99140933411684
553,0.55,3,Tc2,79.05318292824568
554,0.56,3,Tc2,88.59760456326163
555,0.57,3,Tc2,100.00620281581934
556,0.58,3,Tc2,113.78704949428443
557,0.59,3,Tc2,130.62580156171026
558,0.6,3,Tc2,151.4604148250227
559,0.61,3,Tc2,177.59115217488085
560,0.62,3,Tc2,210.84236483784886
561,0.63,3,Tc2,253.79688008584486
562,0.64,3,Tc2,310.1211966334287
563,0.65,3,Tc2,384.9695490088646
564,0.67,3,Tc2,552.6571478256382
565,0.68,3,Tc2,797.6857044811744
566,0.69,3,Tc2,1022.7117204770271
567,0.7,3,Tc2,1286.880507528936
568,0.71,3,Tc2,1564.6040822826862
569,0.72,3,Tc2,1820.2781446049796
570,0.73,3,Tc2,2025.9231078195808
571,0.74,3,Tc2,2172.1131251015163
572,0.75,3,Tc2,2264.5420901397224
573,0.76,3,Tc2,2315.0061635410716
574,0.77,3,Tc2,2335.192766296834
575,0.78,3,Tc2,2334.3926723126892
576,0.79,3,Tc2,2319.3329892107818
577,0.8,3,Tc2,2294.6954835273327
578,0.81,3,Tc2,2263.6947322109886
579,0.82,3,Tc2,2228.536588968308
580,0.83,3,Tc2,2190.742987288733
581,0.84,3,Tc2,2151.3721509591314
582,0.85,3,Tc2,2111.1657038606986
583,0.86,3,Tc2,2070.6468828825887
584,0.87,3,Tc2,2030.1865366101406
585,0.88,3,Tc2,1990.047928607974
586,0.89,3,Tc2,1950.4175137944553
587,0.9,3,Tc2,1911.4263430614058
588,0.91,3,Tc2,1873.1651347345276
589,0.92,3,Tc2,1835.695013905159
590,0.93,3,Tc2,1799.0552516655596
591,0.94,3,Tc2,1763.2689013616252
592,0.95,3,Tc2,1728.3469433470812
593,0.96,3,Tc2,1694.2913600312165
594,0.97,3,Tc2,1661.0974355746962
595,0.98,3,Tc2,1628.7554879733862
596,0.99,3,Tc2,1597.2521817298898
597,1.0,3,Tc2,1566.5715279244737
598,0.01,10,Tc2,31.877848848026247
599,0.02,10,Tc2,32.70579164671403
600,0.03,10,Tc2,33.56642696763004
601,0.04,10,Tc2,34.46149401094657
602,0.05,10,Tc2,35.392848493876265
603,0.06,10,Tc2,36.362472060025674
604,0.07,10,Tc2,37.37248257650375
605,0.08,10,Tc2,38.42514541424011
606,0.09,10,Tc2,39.52288581861014
607,0.1,10,Tc2,40.66830249029177
608,0.11,10,Tc2,41.86418251120474
609,0.12,10,Tc2,43.11351776686936
610,0.13,10,Tc2,44.419523035807586
611,0.14,10,Tc2,45.78565593789672
612,0.15,10,Tc2,47.21563895836321
613,0.16,10,Tc2,48.71348379190859
614,0.17,10,Tc2,50.28351828351272
615,0.18,10,Tc2,51.93041627865976
616,0.19,10,Tc2,53.6592307373183
617,0.2,10,Tc2,55.47543051349914
618,0.21,10,Tc2,57.3849412562738
619,0.22,10,Tc2,59.394190950274556
620,0.23,10,Tc2,61.51016068443761
621,0.24,10,Tc2,63.74044131892175
622,0.25,10,Tc2,66.09329681280934
623,0.26,10,Tc2,68.5777350811548
624,0.27,10,Tc2,71.20358737089128
625,0.28,10,Tc2,73.9815972833383
626,0.29,10,Tc2,76.92352072795678
627,0.3,10,Tc2,80.04223827069545
628,0.31,10,Tc2,83.35188154238715
629,0.32,10,Tc2,86.86797560037284
630,0.33,10,Tc2,90.6075993920239
631,0.34,10,Tc2,94.58956675296113
632,0.35,10,Tc2,98.83463068533774
633,0.36,10,Tc2,103.36571400164863
634,0.37,10,Tc2,108.20816978108486
635,0.38,10,Tc2,113.39007546081338
636,0.39,10,Tc2,118.94256475690658
637,0.4,10,Tc2,124.9002019545286
638,0.41,10,Tc2,131.30140338494192
639,0.42,10,Tc2,138.18891105914577
640,0.43,10,Tc2,145.61032336736147
641,0.44,10,Tc2,153.61868735385244
642,0.45,10,Tc2,162.27315615628854
643,0.46,10,Tc2,171.6397135019234
644,0.47,10,Tc2,181.79196432134944
645,0.48,10,Tc2,192.81198608099413
646,0.49,10,Tc2,204.79122867944267
647,0.5,10,Tc2,217.8314408071001
648,0.51,10,Tc2,232.04558637468133
649,0.52,10,Tc2,247.5586945079724
650,0.53,10,Tc2,264.50855891784477
651,0.54,10,Tc2,283.0461651945993
652,0.55,10,Tc2,303.3356757594274
653,0.56,10,Tc2,325.55374034610026
654,0.57,10,Tc2,349.8878249121141
655,0.58,10,Tc2,376.53316668257696
656,0.59,10,Tc2,405.6878758515378
657,0.6,10,Tc2,437.5456321982138
658,0.61,10,Tc2,472.2853969926344
659,0.62,10,Tc2,510.0576225671143
660,0.63,10,Tc2,550.9666557505507
661,0.64,10,Tc2,595.0494683187054
662,0.65,10,Tc2,642.2515678927704
663,0.66,10,Tc2,692.401956357798
664,0.67,10,Tc2,745.1902140756993
665,0.68,10,Tc2,800.1499406447231
666,0.69,10,Tc2,856.6534462476485
667,0.7,10,Tc2,913.922238394695
668,0.71,10,Tc2,971.0560795669201
669,0.72,10,Tc2,1027.0802008544754
670,0.73,10,Tc2,1081.006268212666
671,0.74,10,Tc2,1131.899097902589
672,0.75,10,Tc2,1178.9392240448524
673,0.76,10,Tc2,1221.4720482285077
674,0.77,10,Tc2,1259.0373028052159
675,0.78,10,Tc2,1291.376874131804
676,0.79,10,Tc2,1318.423213022213
677,0.8,10,Tc2,1340.2734439597214
678,0.81,10,Tc2,1357.1554014245794
679,0.82,10,Tc2,1369.391384992869
680,0.83,10,Tc2,1377.3640371364525
681,0.84,10,Tc2,1381.4870559607573
682,0.85,10,Tc2,1382.1819298677372
683,0.86,10,Tc2,1379.8607542364255
684,0.87,10,Tc2,1374.9145005439334
685,0.88,10,Tc2,1367.705784041333
686,0.89,10,Tc2,1358.5651065512582
687,0.9,10,Tc2,1347.7896313680606
688,0.91,10,Tc2,1335.6436977795727
689,0.92,10,Tc2,1322.3604513467865
690,0.93,10,Tc2,1308.14412364624
691,0.94,10,Tc2,1293.1726285392092
692,0.95,10,Tc2,1277.6002477711575
693,0.96,10,Tc2,1261.5602585851082
694,0.97,10,Tc2,1245.167414046897
695,0.98,10,Tc2,1228.5202274462893
696,0.99,10,Tc2,1211.70303965598
697,1.0,10,Tc2,1194.7878662247365
698,0.01,30,Tc2,66.95733390681653
699,0.02,30,Tc2,68.38487395189077
700,0.03,30,Tc2,69.85640637722669
701,0.04,30,Tc2,71.37365255290432
702,0.05,30,Tc2,72.93841242012034
703,0.06,30,Tc2,74.55256834819583
704,0.07,30,Tc2,76.21808916964021
705,0.08,30,Tc2,77.93703439772348
706,0.09,30,Tc2,79.71155863000949
707,0.1,30,Tc2,81.54391614086187
708,0.11,30,Tc2,83.43646566436296
709,0.12,30,Tc2,85.39167536809491
710,0.13,30,Tc2,87.41212801652402
711,0.14,30,Tc2,89.50052632041539
712,0.15,30,Tc2,91.65969846680485
713,0.16,30,Tc2,93.89260382075682
714,0.17,30,Tc2,96.20233878692366
715,0.18,30,Tc2,98.5921428147778
716,0.19,30,Tc2,101.06540452678124
717,0.2,30,Tc2,103.62566794299815
718,0.21,30,Tc2,106.27663876909443
719,0.22,30,Tc2,109.02219070742366
720,0.23,30,Tc2,111.866371741496
721,0.24,30,Tc2,114.81341033443208
722,0.25,30,Tc2,117.8677214699518
723,0.26,30,Tc2,121.03391245090609
724,0.27,30,Tc2,124.31678835505966
725,0.28,30,Tc2,127.72135702981575
726,0.29,30,Tc2,131.2528334877931
727,0.3,30,Tc2,134.91664354203283
728,0.31,30,Tc2,138.71842649421626
729,0.32,30,Tc2,142.66403666010763
730,0.33,30,Tc2,146.75954348443256
731,0.34,30,Tc2,151.01122996140347
732,0.35,30,Tc2,155.4255890377938
733,0.36,30,Tc2,160.00931763186358
734,0.37,30,Tc2,164.76930785484555
735,0.38,30,Tc2,169.71263497081836
736,0.39,30,Tc2,174.84654157731242
737,0.4,30,Tc2,180.17841743265404
738,0.41,30,Tc2,185.71577429855864
739,0.42,30,Tc2,191.46621510812435
740,0.43,30,Tc2,197.4373967135362
741,0.44,30,Tc2,203.63698541497666
742,0.45,30,Tc2,210.07260442757436
743,0.46,30,Tc2,216.751772408986
744,0.47,30,Tc2,223.681832151858
745,0.48,30,Tc2,230.86986854955833
746,0.49,30,Tc2,238.32261497499283
747,0.5,30,Tc2,246.04634728165684
748,0.51,30,Tc2,254.0467647498358
749,0.52,30,Tc2,262.32885747030514
750,0.53,30,Tc2,270.89675989295165
751,0.54,30,Tc2,279.75359057826927
752,0.55,30,Tc2,288.90127858642217
753,0.56,30,Tc2,298.34037742843947
754,0.57,30,Tc2,308.06986809347194
755,0.58,30,Tc2,318.0869533554298
756,0.59,30,Tc2,328.38684634671125
757,0.6,30,Tc2,338.96255725388727
758,0.61,30,Tc2,349.80468291671485
759,0.62,30,Tc2,360.90120506476035
760,0.63,30,Tc2,372.2373038576162
761,0.64,30,Tc2,383.7951942463402
762,0.65,30,Tc2,395.55399337251595
763,0.66,30,Tc2,407.48962768782314
764,0.67,30,Tc2,419.5747886207865
765,0.68,30,Tc2,431.77894535737056
766,0.69,30,Tc2,444.0684225580685
767,0.7,30,Tc2,456.40654955296856
768,0.71,30,Tc2,468.75388571038417
769,0.72,30,Tc2,481.06852427898684
770,0.73,30,Tc2,493.3064741215044
771,0.74,30,Tc2,505.42211550480215
772,0.75,30,Tc2,517.3687226529519
773,0.76,30,Tc2,529.0990423180001
774,0.77,30,Tc2,540.565914413548
775,0.78,30,Tc2,551.7229180366821
776,0.79,30,Tc2,562.5250242049897
777,0.8,30,Tc2,572.9292355414254
778,0.81,30,Tc2,582.8951930794682
779,0.82,30,Tc2,592.3857313701493
780,0.83,30,Tc2,601.36736510974
781,0.84,30,Tc2,609.8106934327569
782,0.85,30,Tc2,617.6907116283923
783,0.86,30,Tc2,624.9870240761987
784,0.87,30,Tc2,631.6839563785828
785,0.88,30,Tc2,637.7705687147676
786,0.89,30,Tc2,643.2405761029253
787,0.9,30,Tc2,648.0921843392701
788,0.91,30,Tc2,652.3278527512156
789,0.92,30,Tc2,655.9539964909726
790,0.93,30,Tc2,658.9806419082942
791,0.94,30,Tc2,661.4210486328328
792,0.95,30,Tc2,663.2913114646379
793,0.96,30,Tc2,664.6099541437474
794,0.97,30,Tc2,665.3975256800771
795,0.98,30,Tc2,665.6762083108214
796,0.99,30,Tc2,665.4694444366322
797,1.0,30,Tc2,664.8015881745545
798,0.01,100,Tc2,51.52019875434917
799,0.02,100,Tc2,52.27061119094287
800,0.03,100,Tc2,53.03599911953825
801,0.04,100,Tc2,53.81671315276434
802,0.05,100,Tc2,54.61311209360246
803,0.06,100,Tc2,55.425563050266675
804,0.07,100,Tc2,56.254441544444894
805,0.08,100,Tc2,57.1001316113325
806,0.09,100,Tc2,57.96302589089922
807,0.1,100,Tc2,58.84352570860751
808,0.11,100,Tc2,59.7420411448866
809,0.12,100,Tc2,60.65899109123623
810,0.13,100,Tc2,61.59480329210959
811,0.14,100,Tc2,62.54991437027678
812,0.15,100,Tc2,63.5247698344075
813,0.16,100,Tc2,64.51982406648534
814,0.17,100,Tc2,65.53554028718048
815,0.18,100,Tc2,66.5723904969583
816,0.19,100,Tc2,67.6308553903595
817,0.2,100,Tc2,68.71142424084832
818,0.21,100,Tc2,69.81459475373426
819,0.22,100,Tc2,70.94087288360237
820,0.23,100,Tc2,72.09077261387613
821,0.24,100,Tc2,73.264815694222
822,0.25,100,Tc2,74.46353133298082
823,0.26,100,Tc2,75.68745584030687
824,0.27,100,Tc2,76.93713221808586
825,0.28,100,Tc2,78.21310969229664
826,0.29,100,Tc2,79.51594318342396
827,0.3,100,Tc2,80.84619270990736
828,0.31,100,Tc2,82.20442271971244
829,0.32,100,Tc2,83.59120134467723
830,0.33,100,Tc2,85.00709957227166
831,0.34,100,Tc2,86.45269032880371
832,0.35,100,Tc2,87.92854746818689
833,0.36,100,Tc2,89.43524466022828
834,0.37,100,Tc2,90.97335417166042
835,0.38,100,Tc2,92.54344553394267
836,0.39,100,Tc2,94.1460840906415
837,0.4,100,Tc2,95.78182941785363
838,0.41,100,Tc2,97.45123361090054
839,0.42,100,Tc2,99.15483943025257
840,0.43,100,Tc2,100.89317830003202
841,0.44,100,Tc2,102.66676815245992
842,0.45,100,Tc2,104.47611111170535
843,0.46,100,Tc2,106.32169101100989
844,0.47,100,Tc2,108.20397073740702
845,0.48,100,Tc2,110.12338939866585
846,0.49,100,Tc2,112.08035930803807
847,0.5,100,Tc2,114.07526278288732
848,0.51,100,Tc2,116.10844875440297
849,0.52,100,Tc2,118.18022918660053
850,0.53,100,Tc2,120.29087530455615
851,0.54,100,Tc2,122.44061363222715
852,0.55,100,Tc2,124.62962184367814
853,0.56,100,Tc2,126.85802443148748
854,0.57,100,Tc2,129.12588820019113
855,0.58,100,Tc2,131.43321759341677
856,0.59,100,Tc2,133.77994986730062
857,0.6,100,Tc2,136.16595012495043
858,0.61,100,Tc2,138.59100623012625
859,0.62,100,Tc2,141.05482362198234
860,0.63,100,Tc2,143.5570200556184
861,0.64,100,Tc2,146.09712029824763
862,0.65,100,Tc2,148.67455081326838
863,0.66,100,Tc2,151.28863447018816
864,0.67,100,Tc2,153.9385853215775
865,0.68,100,Tc2,156.62350349285802
866,0.69,100,Tc2,159.3423702350963
867,0.7,100,Tc2,162.09404319489508
868,0.71,100,Tc2,164.87725195951256
869,0.72,100,Tc2,167.690593939153
870,0.73,100,Tc2,170.53253065116664
871,0.74,100,Tc2,173.40138447407284
872,0.75,100,Tc2,176.29533594132437
873,0.76,100,Tc2,179.21242164576353
874,0.77,100,Tc2,182.15053282638092
875,0.78,100,Tc2,185.1074147084658
876,0.79,100,Tc2,188.08066666636006
877,0.8,100,Tc2,191.06774327483419
878,0.81,100,Tc2,194.065956311408
879,0.82,100,Tc2,197.0724777656321
880,0.83,100,Tc2,200.084343904234
881,0.84,100,Tc2,203.09846043281806
882,0.85,100,Tc2,206.11160878389666
883,0.86,100,Tc2,209.12045355049693
884,0.87,100,Tc2,212.1215510705836
885,0.88,100,Tc2,215.11135915454796
886,0.89,100,Tc2,218.08624793244442
887,0.9,100,Tc2,221.042511781968
888,0.91,100,Tc2,223.97638228205759
889,0.92,100,Tc2,226.88404212061621
890,0.93,100,Tc2,229.76163986824056
891,0.94,100,Tc2,232.60530551465547
892,0.95,100,Tc2,235.41116664919153
893,0.96,100,Tc2,238.1753651533243
894,0.97,100,Tc2,240.89407426129105
895,0.98,100,Tc2,243.56351583475066
896,0.99,100,Tc2,246.17997768973487
897,1.0,100,Tc2,248.73983080888115
898,0.01,300,Tc2,23.294202957526977
899,0.02,300,Tc2,23.55575972432007
900,0.03,300,Tc2,23.821426284575868
901,0.04,300,Tc2,24.09128132912883
902,0.05,300,Tc2,24.365405195396757
903,0.06,300,Tc2,24.643879899360865
904,0.07,300,Tc2,24.926789167761832
905,0.08,300,Tc2,25.214218470353003
906,0.09,300,Tc2,25.50625505259633
907,0.1,300,Tc2,25.80298796823397
908,0.11,300,Tc2,26.10450811214379
909,0.12,300,Tc2,26.41090825306948
910,0.13,300,Tc2,26.72228306654458
911,0.14,300,Tc2,27.03872916752059
912,0.15,300,Tc2,27.360345143165485
913,0.16,300,Tc2,27.687231585082348
914,0.17,300,Tc2,28.01949112166537
915,0.18,300,Tc2,28.357228449817793
916,0.19,300,Tc2,28.700550366352193
917,0.2,300,Tc2,29.04956579892539
918,0.21,300,Tc2,29.40438583615338
919,0.22,300,Tc2,29.765123757249487
920,0.23,300,Tc2,30.131895060617325
921,0.24,300,Tc2,30.504817491498727
922,0.25,300,Tc2,30.884011068610533
923,0.26,300,Tc2,31.269598109406587
924,0.27,300,Tc2,31.661703253985223
925,0.28,300,Tc2,32.06045348734958
926,0.29,300,Tc2,32.46597816006457
927,0.3,300,Tc2,32.878409006707415
928,0.31,300,Tc2,33.29788016243353
929,0.32,300,Tc2,33.724528176867324
930,0.33,300,Tc2,34.158492025665026
931,0.34,300,Tc2,34.599913118984176
932,0.35,300,Tc2,35.048935306940784
933,0.36,300,Tc2,35.50570488155242
934,0.37,300,Tc2,35.9703705751144
935,0.38,300,Tc2,36.44308355428617
936,0.39,300,Tc2,36.923997409985496
937,0.4,300,Tc2,37.41326814250666
938,0.41,300,Tc2,37.911054141364
939,0.42,300,Tc2,38.41751615973404
940,0.43,300,Tc2,38.93281728286407
941,0.44,300,Tc2,39.457122890019
942,0.45,300,Tc2,39.99060060956477
943,0.46,300,Tc2,40.533420266558515
944,0.47,300,Tc2,41.08575382252885
945,0.48,300,Tc2,41.64777530644411
946,0.49,300,Tc2,42.21966073696418
947,0.5,300,Tc2,42.80158803461514
948,0.51,300,Tc2,43.39373692375826
949,0.52,300,Tc2,43.996288823484484
950,0.53,300,Tc2,44.6094267267426
951,0.54,300,Tc2,45.233335066814064
952,0.55,300,Tc2,45.86819957086159
953,0.56,300,Tc2,46.514207098925866
954,0.57,300,Tc2,47.171545468507276
955,0.58,300,Tc2,47.84040326293275
956,0.59,300,Tc2,48.520969623484646
957,0.6,300,Tc2,49.213434023602034
958,0.61,300,Tc2,49.91798602490003
959,0.62,300,Tc2,50.63481501350675
960,0.63,300,Tc2,51.36410991606222
961,0.64,300,Tc2,52.1060588943214
962,0.65,300,Tc2,52.8608490172473
963,0.66,300,Tc2,53.628665909673096
964,0.67,300,Tc2,54.40969337652172
965,0.68,300,Tc2,55.2041130014913
966,0.69,300,Tc2,56.0121037192522
967,0.7,300,Tc2,56.833841360162246
968,0.71,300,Tc2,57.66949816647861
969,0.72,300,Tc2,58.519242279100986
970,0.73,300,Tc2,59.383237194208455
971,0.74,300,Tc2,60.261641188435476
972,0.75,300,Tc2,61.15460671243221
973,0.76,300,Tc2,62.062279751455605
974,0.77,300,Tc2,62.98479915301408
975,0.78,300,Tc2,63.92229592062216
976,0.79,300,Tc2,64.8748924733581
977,0.8,300,Tc2,65.84270187121314
978,0.81,300,Tc2,66.82582700599363
979,0.82,300,Tc2,67.82435975772002
980,0.83,300,Tc2,68.83838011733582
981,0.84,300,Tc2,69.8679552756061
982,0.85,300,Tc2,70.91313867964567
983,0.86,300,Tc2,71.97396905760337
984,0.87,300,Tc2,73.05046941313542
985,0.88,300,Tc2,74.142645991435
986,0.89,300,Tc2,75.25048721837486
987,0.9,300,Tc2,76.37396261585529
988,0.91,300,Tc2,77.51302169542662
989,0.92,300,Tc2,78.66759283385811
990,0.93,300,Tc2,79.83758213429148
991,0.94,300,Tc2,81.0228722766291
992,0.95,300,Tc2,82.2233213623803
993,0.96,300,Tc2,83.43876175853204
994,0.97,300,Tc2,84.66899894625605
995,0.98,300,Tc2,85.91381038044112
996,0.99,300,Tc2,87.17294436682998
997,1.0,300,Tc2,88.446118963543
