,index,fopt,rb1,rb2,tc1,tc2,Rib,kbd,ksp,tu1,tu2,protein,Rb,Tc,kbd_factor,protein_expr_rate
0,0,0.0,0.0,16.95359714832658,1750.0,584.7679857416329,50,0.005,0.5,0.0,165.23201425836714,,16.95359714832658,2334.767985741633,0.1,
1,1,0.05,0.28880785654963687,16.178351343914965,1741.616789800116,590.7190062022069,50,0.005,0.5,8.383210199883933,159.28099379779314,1676.6420399767865,16.467159200464604,2332.335796002323,0.1,16.766420399767863
2,2,0.1,0.5889554983440171,15.389262359192754,1732.9891089287685,596.9019803589155,50,0.005,0.5,17.010891071231526,153.09801964108453,1701.0891071231526,15.978217857536771,2329.891089287684,0.1,17.010891071231526
3,3,0.15,0.900782103329826,14.586936852340628,1724.1157892167528,603.3228055615995,50,0.005,0.5,25.884210783247227,146.67719443840053,1725.6140522164817,15.487718955670454,2327.438594778352,0.1,17.256140522164817
4,4,0.2,1.2246077031829214,13.772089524185349,1714.9966972273683,609.9867889094731,50,0.005,0.5,35.00330277263174,140.01321109052685,1750.165138631587,14.99669722736827,2324.9834861368413,0.1,17.50165138631587
5,5,0.25,1.5607282886119214,12.945546006702166,1705.6328428691427,616.8985286074278,50,0.005,0.5,44.36715713085732,133.1014713925722,1774.6862852342927,14.506274295314087,2322.5313714765707,0.1,17.746862852342925
6,6,0.3,1.9094106756902551,12.108244088062497,1696.0264821456292,624.0617916731346,50,0.005,0.5,53.97351785437081,125.93820832686538,1799.1172618123603,14.017654763752752,2320.088273818764,0.1,17.991172618123603
7,7,0.35,2.270887228597838,11.261233001818024,1686.1812104032279,631.4793907488515,50,0.005,0.5,63.81878959677215,118.52060925114847,1823.3939884792044,13.532120230415861,2317.6606011520794,0.1,18.233939884792044
8,8,0.4,2.645350555453018,10.405670541915441,1676.102042194737,639.1530632921053,50,0.005,0.5,73.8979578052631,110.84693670789466,1847.4489451315776,13.051021097368459,2315.2551054868422,0.1,18.474489451315776
9,9,0.45,3.0329483130729606,9.542817818946887,1665.7954737970447,647.0833568630546,50,0.005,0.5,84.20452620295532,102.91664313694537,1871.2116933990071,12.575766132019847,2312.878830660099,0.1,18.71211693399007
10,10,0.5,3.4337782717545853,8.674031546370495,1655.2695245453126,655.2695245453127,50,0.005,0.5,94.7304754546874,94.73047545468728,1894.6095090937479,12.10780981812508,2310.539049090625,0.1,18.94609509093748
11,11,0.55,3.847883800725644,7.800753836553866,1644.5337535025187,663.709434683879,50,0.005,0.5,105.46624649748128,86.29056531612105,1917.5681181360233,11.64863763727951,2308.2431881863977,0.1,19.175681181360233
12,12,0.6,4.27524993714669,6.924499591519057,1633.5992485859972,672.3994990573315,50,0.005,0.5,116.4007514140028,77.60050094266853,1940.0125235667133,11.199749528665746,2305.998747643329,0.1,19.400125235667133
13,13,0.65,4.7158001951999475,6.046841686296428,1622.4785861148632,681.3346232926186,50,0.005,0.5,127.52141388513678,68.66537670738137,1961.867905925181,10.762641881496375,2303.8132094074817,0.1,19.61867905925181
14,14,0.7,5.169394256223588,5.169394256223589,1611.1857597935652,690.5081827686707,50,0.005,0.5,138.81424020643476,59.491817231329264,1983.0605743776393,10.338788512447177,2301.693942562236,0.1,19.830605743776392
15,15,0.75,5.635826656144062,4.2937945046842545,1599.736079353106,699.9120264510354,50,0.005,0.5,150.2639206468939,50.087973548964555,2003.5189419585852,9.929621160828317,2299.648105804142,0.1,20.03518941958585
16,16,0.8,6.1148265535813335,3.4216835358197843,1588.1460403576045,709.5365100894011,50,0.005,0.5,161.85395964239547,40.46348991059892,2023.1744955299434,9.536510089401117,2297.6825504470057,0.1,20.231744955299433
17,17,0.85,6.60605862274492,2.5546867796671937,1576.4331679602515,719.3705590518091,50,0.005,0.5,173.56683203974853,30.629440948190904,2041.9627298793946,9.160745402412113,2295.8037270120603,0.1,20.419627298793944
18,18,0.9,7.1091250720981884,1.6943946088659845,1564.6158385643387,729.4017598404821,50,0.005,0.5,185.38416143566133,20.5982401595179,2059.8240159517927,8.803519680964174,2294.017598404821,0.1,20.59824015951793
19,19,0.95,7.623568745702632,0.8423437431371837,1552.713084321989,739.61647812221,50,0.005,0.5,197.28691567801093,10.38352187779003,2076.70437555801,8.465912488839816,2292.329562444199,0.1,20.767043755580097
20,20,1.0,8.148877222267792,0.0,1540.744386111339,750.0,50,0.005,0.5,209.25561388866095,0.0,2092.5561388866095,8.148877222267792,2290.744386111339,0.1,20.925561388866093
21,21,0.0,0.0,169.5359714832658,1750.0,584.7679857416329,500,0.0005,0.05,0.0,165.23201425836714,,169.5359714832658,2334.767985741633,0.1,
22,22,0.05,2.888078565496368,161.78351343914966,1741.616789800116,590.7190062022069,500,0.0005,0.05,8.383210199883933,159.28099379779314,1676.6420399767865,164.67159200464602,2332.335796002323,0.1,16.766420399767863
23,23,0.1,5.88955498344017,153.89262359192753,1732.9891089287685,596.9019803589155,500,0.0005,0.05,17.010891071231526,153.09801964108453,1701.0891071231526,159.7821785753677,2329.891089287684,0.1,17.010891071231526
24,24,0.15,9.007821033298258,145.86936852340628,1724.1157892167528,603.3228055615995,500,0.0005,0.05,25.884210783247227,146.67719443840053,1725.6140522164817,154.87718955670454,2327.438594778352,0.1,17.256140522164817
25,25,0.2,12.246077031829214,137.7208952418535,1714.9966972273683,609.9867889094731,500,0.0005,0.05,35.00330277263174,140.01321109052685,1750.165138631587,149.9669722736827,2324.9834861368413,0.1,17.50165138631587
26,26,0.25,15.607282886119213,129.45546006702165,1705.6328428691427,616.8985286074278,500,0.0005,0.05,44.36715713085732,133.1014713925722,1774.6862852342927,145.06274295314086,2322.5313714765707,0.1,17.746862852342925
27,27,0.3,19.09410675690255,121.08244088062496,1696.0264821456292,624.0617916731346,500,0.0005,0.05,53.97351785437081,125.93820832686538,1799.1172618123603,140.1765476375275,2320.088273818764,0.1,17.991172618123603
28,28,0.35,22.70887228597838,112.61233001818023,1686.1812104032279,631.4793907488515,500,0.0005,0.05,63.81878959677215,118.52060925114847,1823.3939884792044,135.32120230415862,2317.6606011520794,0.1,18.233939884792044
29,29,0.4,26.453505554530178,104.05670541915441,1676.102042194737,639.1530632921053,500,0.0005,0.05,73.8979578052631,110.84693670789466,1847.4489451315776,130.5102109736846,2315.2551054868422,0.1,18.474489451315776
30,30,0.45,30.329483130729606,95.42817818946887,1665.7954737970447,647.0833568630546,500,0.0005,0.05,84.20452620295532,102.91664313694537,1871.2116933990071,125.75766132019848,2312.878830660099,0.1,18.71211693399007
31,31,0.5,34.33778271754585,86.74031546370495,1655.2695245453126,655.2695245453127,500,0.0005,0.05,94.7304754546874,94.73047545468728,1894.6095090937479,121.0780981812508,2310.539049090625,0.1,18.94609509093748
32,32,0.55,38.47883800725644,78.00753836553865,1644.5337535025187,663.709434683879,500,0.0005,0.05,105.46624649748128,86.29056531612105,1917.5681181360233,116.48637637279509,2308.2431881863977,0.1,19.175681181360233
33,33,0.6,42.7524993714669,69.24499591519056,1633.5992485859972,672.3994990573315,500,0.0005,0.05,116.4007514140028,77.60050094266853,1940.0125235667133,111.99749528665745,2305.998747643329,0.1,19.400125235667133
34,34,0.65,47.15800195199947,60.46841686296428,1622.4785861148632,681.3346232926186,500,0.0005,0.05,127.52141388513678,68.66537670738137,1961.867905925181,107.62641881496376,2303.8132094074817,0.1,19.61867905925181
35,35,0.7,51.69394256223587,51.69394256223588,1611.1857597935652,690.5081827686707,500,0.0005,0.05,138.81424020643476,59.491817231329264,1983.0605743776393,103.38788512447175,2301.693942562236,0.1,19.830605743776392
36,36,0.75,56.358266561440615,42.937945046842536,1599.736079353106,699.9120264510354,500,0.0005,0.05,150.2639206468939,50.087973548964555,2003.5189419585852,99.29621160828316,2299.648105804142,0.1,20.03518941958585
37,37,0.8,61.14826553581333,34.21683535819784,1588.1460403576045,709.5365100894011,500,0.0005,0.05,161.85395964239547,40.46348991059892,2023.1744955299434,95.36510089401116,2297.6825504470057,0.1,20.231744955299433
38,38,0.85,66.06058622744919,25.546867796671936,1576.4331679602515,719.3705590518091,500,0.0005,0.05,173.56683203974853,30.629440948190904,2041.9627298793946,91.60745402412113,2295.8037270120603,0.1,20.419627298793944
39,39,0.9,71.09125072098188,16.943946088659846,1564.615838564339,729.4017598404821,500,0.0005,0.05,185.3841614356611,20.5982401595179,2059.82401595179,88.03519680964172,2294.017598404821,0.1,20.5982401595179
40,40,0.95,76.23568745702632,8.423437431371836,1552.713084321989,739.61647812221,500,0.0005,0.05,197.28691567801093,10.38352187779003,2076.70437555801,84.65912488839815,2292.329562444199,0.1,20.767043755580097
41,41,1.0,81.48877222267791,0.0,1540.744386111339,750.0,500,0.0005,0.05,209.25561388866095,0.0,2092.5561388866095,81.48877222267791,2290.744386111339,0.1,20.925561388866093
42,42,0.0,0.0,1695.359714832658,1750.0,584.7679857416329,5000,5e-05,0.005,0.0,165.23201425836714,,1695.359714832658,2334.767985741633,0.1,
43,43,0.05,28.880785654963685,1617.8351343914967,1741.616789800116,590.7190062022069,5000,5e-05,0.005,8.383210199883933,159.28099379779314,1676.6420399767865,1646.7159200464603,2332.335796002323,0.1,16.766420399767863
44,44,0.1,58.895549834401706,1538.9262359192755,1732.9891089287685,596.9019803589155,5000,5e-05,0.005,17.010891071231526,153.09801964108453,1701.0891071231526,1597.8217857536772,2329.891089287684,0.1,17.010891071231526
45,45,0.15,90.0782103329826,1458.6936852340627,1724.1157892167528,603.3228055615995,5000,5e-05,0.005,25.884210783247227,146.67719443840053,1725.6140522164817,1548.7718955670452,2327.438594778352,0.1,17.256140522164817
46,46,0.2,122.46077031829215,1377.2089524185349,1714.9966972273683,609.986788909473,5000,5e-05,0.005,35.00330277263174,140.01321109052697,1750.165138631587,1499.669722736827,2324.9834861368413,0.1,17.50165138631587
47,47,0.25,156.07282886119214,1294.5546006702166,1705.6328428691427,616.8985286074278,5000,5e-05,0.005,44.36715713085732,133.1014713925722,1774.6862852342927,1450.6274295314088,2322.5313714765707,0.1,17.746862852342925
48,48,0.3,190.9410675690255,1210.8244088062497,1696.0264821456292,624.0617916731346,5000,5e-05,0.005,53.97351785437081,125.93820832686538,1799.1172618123603,1401.7654763752753,2320.088273818764,0.1,17.991172618123603
49,49,0.35,227.08872285978381,1126.1233001818025,1686.1812104032279,631.4793907488515,5000,5e-05,0.005,63.81878959677215,118.52060925114847,1823.3939884792044,1353.2120230415862,2317.6606011520794,0.1,18.233939884792044
50,50,0.4,264.53505554530176,1040.5670541915442,1676.102042194737,639.1530632921053,5000,5e-05,0.005,73.8979578052631,110.84693670789466,1847.4489451315776,1305.102109736846,2315.2551054868422,0.1,18.474489451315776
51,51,0.45,303.2948313072961,954.2817818946887,1665.7954737970447,647.0833568630546,5000,5e-05,0.005,84.20452620295532,102.91664313694537,1871.2116933990071,1257.5766132019849,2312.878830660099,0.1,18.71211693399007
52,52,0.5,343.3778271754585,867.4031546370495,1655.2695245453126,655.2695245453127,5000,5e-05,0.005,94.7304754546874,94.73047545468728,1894.6095090937479,1210.780981812508,2310.539049090625,0.1,18.94609509093748
53,53,0.55,384.7883800725644,780.0753836553865,1644.5337535025187,663.709434683879,5000,5e-05,0.005,105.46624649748128,86.29056531612105,1917.5681181360233,1164.863763727951,2308.2431881863977,0.1,19.175681181360233
54,54,0.6,427.524993714669,692.4499591519057,1633.5992485859972,672.3994990573315,5000,5e-05,0.005,116.4007514140028,77.60050094266853,1940.0125235667133,1119.9749528665748,2305.998747643329,0.1,19.400125235667133
55,55,0.65,471.5800195199947,604.6841686296428,1622.4785861148632,681.3346232926186,5000,5e-05,0.005,127.52141388513678,68.66537670738137,1961.867905925181,1076.2641881496374,2303.8132094074817,0.1,19.61867905925181
56,56,0.7,516.9394256223587,516.9394256223588,1611.1857597935652,690.5081827686707,5000,5e-05,0.005,138.81424020643476,59.491817231329264,1983.0605743776393,1033.8788512447177,2301.693942562236,0.1,19.830605743776392
57,57,0.75,563.5826656144062,429.37945046842543,1599.736079353106,699.9120264510354,5000,5e-05,0.005,150.2639206468939,50.087973548964555,2003.5189419585852,992.9621160828317,2299.648105804142,0.1,20.03518941958585
58,58,0.8,611.4826553581333,342.16835358197847,1588.1460403576045,709.5365100894011,5000,5e-05,0.005,161.85395964239547,40.46348991059892,2023.1744955299434,953.6510089401118,2297.6825504470057,0.1,20.231744955299433
59,59,0.85,660.605862274492,255.46867796671938,1576.4331679602515,719.3705590518091,5000,5e-05,0.005,173.56683203974853,30.629440948190904,2041.9627298793946,916.0745402412114,2295.8037270120603,0.1,20.419627298793944
60,60,0.9,710.9125072098188,169.43946088659845,1564.6158385643387,729.4017598404821,5000,5e-05,0.005,185.38416143566133,20.5982401595179,2059.8240159517927,880.3519680964173,2294.017598404821,0.1,20.59824015951793
61,61,0.95,762.3568745702631,84.23437431371838,1552.713084321989,739.61647812221,5000,5e-05,0.005,197.28691567801093,10.38352187779003,2076.70437555801,846.5912488839815,2292.329562444199,0.1,20.767043755580097
62,62,1.0,814.8877222267791,0.0,1540.744386111339,750.0,5000,5e-05,0.005,209.25561388866095,0.0,2092.5561388866095,814.8877222267791,2290.744386111339,0.1,20.925561388866093
63,0,0.0,0.0,43.680512635610576,1750.0,434.025631780529,50,0.05,0.5,0.0,315.974368219471,,43.680512635610576,2184.025631780529,1.0,
64,1,0.05,0.5692218256028758,42.85226740750488,1733.5537230827695,437.52073857261854,50,0.05,0.5,16.446276917230534,312.47926142738146,3289.255383446107,43.421489233107756,2171.074461655388,1.0,32.89255383446107
65,2,0.1,1.1990333364225276,41.943641557788204,1715.7133744710536,441.42037023948285,50,0.05,0.5,34.28662552894639,308.57962976051715,3428.662552894639,43.142674894210735,2157.1337447105366,1.0,34.28662552894639
66,3,0.15,1.898820438374116,40.94340015404576,1696.316654443149,445.79437517784487,50,0.05,0.5,53.68334555685101,304.20562482215513,3578.8897037900674,42.84222059241988,2142.111029620994,1.0,35.788897037900675
67,4,0.2,2.679755121312821,39.83844879760636,1675.1820391891918,450.72815675676725,50,0.05,0.5,74.81796081080824,299.27184324323275,3740.8980405404122,42.518203918919184,2125.910195945959,1.0,37.40898040540412
68,5,0.25,3.5551334981372276,38.6135763708492,1652.1088733623303,456.3266200869912,50,0.05,0.5,97.89112663766969,293.6733799130088,3915.6450655067874,42.16870986898643,2108.4354934493217,1.0,39.15645065506787
69,6,0.3,4.5407323712583265,37.251240069760165,1626.8795866152775,462.7190354356473,50,0.05,0.5,123.1204133847225,287.2809645643527,4104.01377949075,41.791972441018494,2089.598622050925,1.0,41.040137794907494
70,7,0.35,5.655132657205604,35.73147730254907,1599.2656742957067,470.0648236920269,50,0.05,0.5,150.73432570429327,279.9351763079731,4306.695020122665,41.38660995975467,2069.3304979877335,1.0,43.066950201226646
71,8,0.4,6.919900467572746,34.03209906198398,1569.0399905911345,478.5599858867018,50,0.05,0.5,180.96000940886552,271.4400141132982,4524.000235221638,40.95199952955672,2047.5999764778362,1.0,45.24000235221638
72,9,0.45,8.359417559494876,32.12942882764438,1535.9990437106333,488.44327564632954,50,0.05,0.5,214.00095628936674,261.55672435367046,4755.576806430372,40.48884638713926,2024.4423193569628,1.0,47.55576806430372
73,10,0.5,10.0,30.0,1500.0,500.0,50,0.05,0.5,250.0,250.0,5000.0,40.0,2000.0,1.0,50.0
74,11,0.55,11.867752397232,27.623770825558125,1461.0168886267284,513.5592725127779,50,0.05,0.5,288.98311137327164,236.44072748722215,5254.238388604939,39.49152322279012,1974.5761611395062,1.0,52.54238388604939
75,12,0.6,13.984478072235282,24.989408854642583,1419.216607806336,529.4777385375572,50,0.05,0.5,330.783392193664,220.52226146244277,5513.056536561066,38.97388692687787,1948.6943463438934,1.0,55.130565365610664
76,13,0.65,16.36118796358615,22.101707026821664,1375.044087188254,548.1006623321367,50,0.05,0.5,374.955912811746,201.89933766786328,5768.552504796092,38.46289499040782,1923.1447495203906,1.0,57.685525047960915
77,14,0.7,18.989794855663558,18.989794855663565,1329.2856398964493,569.6938456699069,50,0.05,0.5,420.7143601035507,180.30615433009314,6010.205144336438,37.97958971132712,1898.9794855663563,1.0,60.10205144336438
78,15,0.75,21.835667315040112,15.71257611636734,1283.0591286777794,594.3530428925932,50,0.05,0.5,466.9408713222206,155.64695710740682,6225.878284296275,37.54824343140745,1877.4121715703727,1.0,62.258782842962745
79,16,0.8,24.83574358574937,12.356402838024595,1237.6858569509586,621.9214642377397,50,0.05,0.5,512.3141430490414,128.07853576226034,6403.926788113017,37.19214642377396,1859.6073211886983,1.0,64.03926788113017
80,17,0.85,27.906068896253313,9.022325928272648,1194.4567800423533,651.9629611839447,50,0.05,0.5,555.5432199576467,98.03703881605531,6535.80258773702,36.92839482452596,1846.419741226298,1.0,65.3580258773702
81,18,0.9,30.957417370831095,5.806723485181327,1154.386338520559,683.8207042800622,50,0.05,0.5,595.6136614794409,66.17929571993784,6617.929571993788,36.764140856012425,1838.2070428006214,1.0,66.17929571993788
82,19,0.95,33.91194754310239,2.784233573914261,1118.068603058291,716.7404527925416,50,0.05,0.5,631.931396941709,33.259547207458354,6651.9094414916735,36.69618111701666,1834.8090558508327,1.0,66.51909441491674
83,20,1.0,36.71359641163505,0.0,1085.679820581753,750.0,50,0.05,0.5,664.3201794182471,0.0,6643.2017941824715,36.71359641163505,1835.679820581753,1.0,66.43201794182471
84,21,0.0,0.0,436.8051263561058,1750.0,434.02563178052895,500,0.005,0.05,0.0,315.97436821947105,,436.8051263561058,2184.025631780529,1.0,
85,22,0.05,5.692218256028758,428.5226740750488,1733.5537230827695,437.52073857261854,500,0.005,0.05,16.446276917230534,312.47926142738146,3289.255383446107,434.2148923310776,2171.074461655388,1.0,32.89255383446107
86,23,0.1,11.990333364225275,419.43641557788203,1715.7133744710536,441.42037023948285,500,0.005,0.05,34.28662552894639,308.57962976051715,3428.662552894639,431.4267489421073,2157.1337447105366,1.0,34.28662552894639
87,24,0.15,18.98820438374116,409.43400154045764,1696.316654443149,445.79437517784487,500,0.005,0.05,53.68334555685101,304.20562482215513,3578.8897037900674,428.4222059241988,2142.111029620994,1.0,35.788897037900675
88,25,0.2,26.79755121312821,398.3844879760636,1675.1820391891918,450.72815675676725,500,0.005,0.05,74.81796081080824,299.27184324323275,3740.8980405404122,425.1820391891918,2125.910195945959,1.0,37.40898040540412
89,26,0.25,35.55133498137227,386.13576370849205,1652.1088733623303,456.3266200869912,500,0.005,0.05,97.89112663766969,293.6733799130088,3915.6450655067874,421.68709868986434,2108.4354934493217,1.0,39.15645065506787
90,27,0.3,45.40732371258326,372.51240069760166,1626.8795866152775,462.7190354356473,500,0.005,0.05,123.1204133847225,287.2809645643527,4104.01377949075,417.9197244101849,2089.598622050925,1.0,41.040137794907494
91,28,0.35,56.55132657205604,357.3147730254907,1599.2656742957067,470.06482369202683,500,0.005,0.05,150.73432570429327,279.93517630797317,4306.695020122665,413.86609959754674,2069.3304979877335,1.0,43.066950201226646
92,29,0.4,69.19900467572745,340.3209906198398,1569.0399905911345,478.5599858867018,500,0.005,0.05,180.96000940886552,271.4400141132982,4524.000235221638,409.51999529556724,2047.5999764778362,1.0,45.24000235221638
93,30,0.45,83.59417559494875,321.2942882764438,1535.9990437106333,488.4432756463295,500,0.005,0.05,214.00095628936674,261.5567243536705,4755.576806430372,404.88846387139256,2024.4423193569628,1.0,47.55576806430372
94,31,0.5,100.0,300.0,1500.0,500.0,500,0.005,0.05,250.0,250.0,5000.0,400.0,2000.0,1.0,50.0
95,32,0.55,118.67752397231999,276.23770825558125,1461.0168886267284,513.5592725127779,500,0.005,0.05,288.98311137327164,236.44072748722215,5254.238388604939,394.91523222790124,1974.5761611395062,1.0,52.54238388604939
96,33,0.6,139.8447807223528,249.89408854642582,1419.216607806336,529.4777385375572,500,0.005,0.05,330.783392193664,220.52226146244277,5513.056536561066,389.7388692687786,1948.6943463438934,1.0,55.130565365610664
97,34,0.65,163.6118796358615,221.01707026821663,1375.044087188254,548.1006623321367,500,0.005,0.05,374.955912811746,201.89933766786328,5768.552504796092,384.6289499040781,1923.1447495203906,1.0,57.685525047960915
98,35,0.7,189.89794855663558,189.89794855663564,1329.2856398964493,569.6938456699069,500,0.005,0.05,420.7143601035507,180.30615433009314,6010.205144336438,379.7958971132712,1898.9794855663563,1.0,60.10205144336438
99,36,0.75,218.35667315040112,157.1257611636734,1283.0591286777794,594.3530428925932,500,0.005,0.05,466.9408713222206,155.64695710740682,6225.878284296275,375.4824343140745,1877.4121715703727,1.0,62.258782842962745
100,37,0.8,248.3574358574937,123.56402838024596,1237.6858569509586,621.9214642377397,500,0.005,0.05,512.3141430490414,128.07853576226034,6403.926788113017,371.92146423773966,1859.6073211886983,1.0,64.03926788113017
101,38,0.85,279.0606889625331,90.22325928272649,1194.4567800423533,651.9629611839447,500,0.005,0.05,555.5432199576467,98.03703881605531,6535.80258773702,369.2839482452596,1846.419741226298,1.0,65.3580258773702
102,39,0.9,309.5741737083109,58.067234851813275,1154.386338520559,683.8207042800622,500,0.005,0.05,595.6136614794409,66.17929571993784,6617.929571993788,367.6414085601242,1838.2070428006214,1.0,66.17929571993788
103,40,0.95,339.1194754310239,27.84233573914261,1118.068603058291,716.7404527925416,500,0.005,0.05,631.931396941709,33.259547207458354,6651.9094414916735,366.96181117016647,1834.8090558508327,1.0,66.51909441491674
104,41,1.0,367.1359641163505,0.0,1085.679820581753,750.0,500,0.005,0.05,664.3201794182471,0.0,6643.2017941824715,367.1359641163505,1835.679820581753,1.0,66.43201794182471
105,42,0.0,0.0,4368.051263561058,1750.0,434.025631780529,5000,0.0005,0.005,0.0,315.974368219471,,4368.051263561058,2184.025631780529,1.0,
106,43,0.05,56.92218256028758,4285.226740750488,1733.5537230827695,437.52073857261854,5000,0.0005,0.005,16.446276917230534,312.47926142738146,3289.255383446107,4342.148923310775,2171.074461655388,1.0,32.89255383446107
107,44,0.1,119.90333364225276,4194.36415577882,1715.7133744710536,441.42037023948285,5000,0.0005,0.005,34.28662552894639,308.57962976051715,3428.662552894639,4314.267489421072,2157.1337447105366,1.0,34.28662552894639
108,45,0.15,189.8820438374116,4094.340015404576,1696.316654443149,445.79437517784487,5000,0.0005,0.005,53.68334555685101,304.20562482215513,3578.8897037900674,4284.222059241988,2142.111029620994,1.0,35.788897037900675
109,46,0.2,267.9755121312821,3983.8448797606356,1675.1820391891918,450.72815675676725,5000,0.0005,0.005,74.81796081080824,299.27184324323275,3740.8980405404122,4251.820391891918,2125.910195945959,1.0,37.40898040540412
110,47,0.25,355.51334981372275,3861.3576370849205,1652.1088733623303,456.3266200869912,5000,0.0005,0.005,97.89112663766969,293.6733799130088,3915.6450655067874,4216.870986898643,2108.4354934493217,1.0,39.15645065506787
111,48,0.3,454.07323712583263,3725.1240069760165,1626.8795866152775,462.71903543564736,5000,0.0005,0.005,123.1204133847225,287.28096456435264,4104.01377949075,4179.197244101849,2089.598622050925,1.0,41.040137794907494
112,49,0.35,565.5132657205604,3573.1477302549065,1599.2656742957067,470.0648236920269,5000,0.0005,0.005,150.73432570429327,279.9351763079731,4306.695020122665,4138.660995975467,2069.3304979877335,1.0,43.066950201226646
113,50,0.4,691.9900467572745,3403.2099061983977,1569.0399905911345,478.55998588670184,5000,0.0005,0.005,180.96000940886552,271.44001411329816,4524.000235221638,4095.1999529556724,2047.5999764778362,1.0,45.24000235221638
114,51,0.45,835.9417559494875,3212.942882764438,1535.9990437106333,488.44327564632954,5000,0.0005,0.005,214.00095628936674,261.55672435367046,4755.576806430372,4048.8846387139256,2024.4423193569628,1.0,47.55576806430372
115,52,0.5,1000.0,3000.0,1500.0,500.0,5000,0.0005,0.005,250.0,250.0,5000.0,4000.0,2000.0,1.0,50.0
116,53,0.55,1186.7752397231998,2762.3770825558126,1461.0168886267284,513.5592725127779,5000,0.0005,0.005,288.98311137327164,236.44072748722215,5254.238388604939,3949.1523222790124,1974.5761611395062,1.0,52.54238388604939
117,54,0.6,1398.4478072235281,2498.940885464258,1419.216607806336,529.4777385375572,5000,0.0005,0.005,330.783392193664,220.52226146244277,5513.056536561066,3897.388692687786,1948.6943463438934,1.0,55.130565365610664
118,55,0.65,1636.1187963586149,2210.1707026821664,1375.044087188254,548.1006623321367,5000,0.0005,0.005,374.955912811746,201.89933766786328,5768.552504796092,3846.2894990407813,1923.1447495203906,1.0,57.685525047960915
119,56,0.7,1898.9794855663558,1898.9794855663563,1329.2856398964493,569.6938456699069,5000,0.0005,0.005,420.7143601035507,180.30615433009314,6010.205144336438,3797.958971132712,1898.9794855663563,1.0,60.10205144336438
120,57,0.75,2183.566731504011,1571.2576116367338,1283.0591286777794,594.3530428925932,5000,0.0005,0.005,466.9408713222206,155.64695710740682,6225.878284296275,3754.8243431407445,1877.4121715703727,1.0,62.258782842962745
121,58,0.8,2483.574358574937,1235.6402838024594,1237.6858569509586,621.9214642377397,5000,0.0005,0.005,512.3141430490414,128.07853576226034,6403.926788113017,3719.2146423773966,1859.6073211886983,1.0,64.03926788113017
122,59,0.85,2790.606889625331,902.2325928272649,1194.4567800423533,651.9629611839447,5000,0.0005,0.005,555.5432199576467,98.03703881605531,6535.80258773702,3692.839482452596,1846.419741226298,1.0,65.3580258773702
123,60,0.9,3095.7417370831095,580.6723485181327,1154.386338520559,683.8207042800622,5000,0.0005,0.005,595.6136614794409,66.17929571993784,6617.929571993788,3676.4140856012423,1838.2070428006214,1.0,66.17929571993788
124,61,0.95,3391.194754310239,278.42335739142607,1118.068603058291,716.7404527925416,5000,0.0005,0.005,631.931396941709,33.259547207458354,6651.9094414916735,3669.6181117016654,1834.8090558508327,1.0,66.51909441491674
125,62,1.0,3671.3596411635053,0.0,1085.679820581753,750.0,5000,0.0005,0.005,664.3201794182471,0.0,6643.2017941824715,3671.3596411635053,1835.679820581753,1.0,66.43201794182471
126,0,0.0,0.0,49.32324668112459,1750.0,411.62334056229196,50,0.5,0.5,0.0,338.37665943770804,,49.32324668112459,2161.623340562292,10.0,
127,1,0.05,0.6123980152565321,48.68035623186685,1732.3188561780846,414.05826738360713,50,0.5,0.5,17.681143821915384,335.94173261639287,3536.228764383077,49.29275424712338,2146.377123561692,10.0,35.36228764383077
128,2,0.1,1.296727247468013,47.962850617461875,1712.9788932464944,416.8100392184505,50,0.5,0.5,37.02110675350559,333.1899607815495,3702.110675350559,49.25957786492989,2129.788932464945,10.0,37.02110675350559
129,3,0.15,2.0657439166647324,47.157649080065276,1691.7544747547506,419.9420236102532,50,0.5,0.5,58.24552524524938,330.0579763897468,3883.0350163499584,49.223392996730006,2111.6964983650037,10.0,38.83035016349958
130,4,0.2,2.9351638616690074,46.24867289305672,1668.3836754725733,423.5347018902927,50,0.5,0.5,81.61632452742674,326.4652981097073,4080.816226371337,49.18383675472573,2091.918377362866,10.0,40.80816226371337
131,5,0.25,3.9244577138877537,45.21605266415348,1642.5637972551542,427.69139176546247,50,0.5,0.5,107.43620274484579,322.30860823453753,4297.4481097938315,49.140510378041235,2070.255189020617,10.0,42.974481097938316
132,6,0.3,5.057844232319433,44.03514473147597,1613.9483445693102,432.5461373283906,50,0.5,0.5,136.05165543068983,317.4538626716094,4535.0551810229945,49.0929889637954,2046.4944818977008,10.0,45.350551810229945
133,7,0.35,6.365479585038948,42.67536519980399,1582.1478373475145,438.2745550739556,50,0.5,0.5,167.8521626524855,311.7254449260444,4795.7760757853,49.04084478484294,2020.42239242147,10.0,47.957760757853
134,8,0.4,7.884755486810666,41.09893960032863,1546.7390174278592,445.1085261417888,50,0.5,0.5,203.26098257214085,304.8914738582112,5081.5245643035205,48.983695087139296,1991.847543569648,10.0,50.815245643035205
135,9,0.45,9.661410529162579,39.25988171076054,1507.290753982702,453.355365978858,50,0.5,0.5,242.70924601729803,296.644634021142,5393.538800384401,48.92129223992312,1960.64611996156,10.0,53.93538800384401
136,10,0.5,11.749700372562453,37.10398260895716,1463.4207453799024,463.4207453799023,50,0.5,0.5,286.5792546200976,286.5792546200977,5731.585092401951,48.85368298151961,1926.8414907598049,10.0,57.315850924019514
137,11,0.55,14.209982952903454,34.57148605372416,1414.903976822594,475.8305264912133,50,0.5,0.5,335.0960231774061,274.1694735087867,6092.654966861929,48.78146900662761,1890.7345033138072,10.0,60.92654966861929
138,12,0.6,17.10069599174521,31.60548871036789,1361.8554106339304,491.2369404226202,50,0.5,0.5,388.14458936606957,258.7630595773798,6469.076489434492,48.7061847021131,1853.0923510565506,10.0,64.69076489434492
139,13,0.65,20.46062890299922,28.17009746998481,1304.9860712198094,510.3771152722051,50,0.5,0.5,445.01392878019055,239.62288472779488,6846.368135079855,48.63072637298403,1815.3631864920146,10.0,68.46368135079855
140,14,0.7,24.27978619514626,24.27978619514627,1245.850336602385,533.9358585438792,50,0.5,0.5,504.1496633976151,216.06414145612075,7202.138048537358,48.55957239029253,1779.7861951462642,10.0,72.02138048537358
141,15,0.75,28.468259285284187,20.030050981720713,1186.8663501268381,562.2887833756128,50,0.5,0.5,563.1336498731619,187.71121662438725,7508.448664975491,48.498310267004896,1749.155133502451,10.0,75.08448664975491
142,16,0.8,32.849355853075565,15.60280430962259,1130.864065079262,595.2160162698156,50,0.5,0.5,619.135934920738,154.78398373018445,7739.199186509225,48.452160162698156,1726.0800813490775,10.0,77.39199186509225
143,17,0.85,37.19997791433667,11.224133048093133,1080.2471590326654,631.8083221822351,50,0.5,0.5,669.7528409673346,118.19167781776491,7879.445187850995,48.42411096242981,1712.0554812149005,10.0,78.79445187850996
144,18,0.9,41.32017028697,7.093871550298217,1036.3188267706971,670.7020918634108,50,0.5,0.5,713.6811732293029,79.29790813658917,7929.790813658921,48.414041837268215,1707.020918634108,10.0,79.29790813658921
145,19,0.95,45.082390172763766,3.3370118207300825,999.2159469095791,710.4850498373462,50,0.5,0.5,750.7840530904209,39.514950162653804,7902.990032530746,48.41940199349385,1709.7009967469253,10.0,79.02990032530747
146,20,1.0,48.43661522507065,0.0,968.3076125353265,750.0,50,0.5,0.5,781.6923874646735,0.0,7816.923874646735,48.43661522507065,1718.3076125353264,10.0,78.16923874646736
147,21,0.0,0.0,493.23246681124584,1750.0,411.62334056229196,500,0.05,0.05,0.0,338.37665943770804,,493.23246681124584,2161.623340562292,10.0,
148,22,0.05,6.123980152565321,486.8035623186685,1732.3188561780846,414.05826738360713,500,0.05,0.05,17.681143821915384,335.94173261639287,3536.228764383077,492.92754247123383,2146.377123561692,10.0,35.36228764383077
149,23,0.1,12.96727247468013,479.6285061746188,1712.9788932464944,416.8100392184505,500,0.05,0.05,37.02110675350559,333.1899607815495,3702.110675350559,492.59577864929895,2129.788932464945,10.0,37.02110675350559
150,24,0.15,20.657439166647325,471.5764908006527,1691.7544747547506,419.9420236102532,500,0.05,0.05,58.24552524524938,330.0579763897468,3883.0350163499584,492.23392996730007,2111.6964983650037,10.0,38.83035016349958
151,25,0.2,29.351638616690074,462.48672893056727,1668.3836754725733,423.53470189029264,500,0.05,0.05,81.61632452742674,326.46529810970736,4080.816226371337,491.83836754725735,2091.918377362866,10.0,40.80816226371337
152,26,0.25,39.24457713887754,452.1605266415348,1642.5637972551542,427.69139176546247,500,0.05,0.05,107.43620274484579,322.30860823453753,4297.4481097938315,491.40510378041233,2070.255189020617,10.0,42.974481097938316
153,27,0.3,50.57844232319434,440.3514473147597,1613.9483445693102,432.5461373283906,500,0.05,0.05,136.05165543068983,317.4538626716094,4535.0551810229945,490.92988963795403,2046.4944818977008,10.0,45.350551810229945
154,28,0.35,63.654795850389476,426.7536519980399,1582.1478373475145,438.2745550739556,500,0.05,0.05,167.8521626524855,311.7254449260444,4795.7760757853,490.4084478484294,2020.42239242147,10.0,47.957760757853
155,29,0.4,78.84755486810666,410.9893960032863,1546.7390174278592,445.1085261417888,500,0.05,0.05,203.26098257214085,304.8914738582112,5081.5245643035205,489.83695087139296,1991.847543569648,10.0,50.815245643035205
156,30,0.45,96.61410529162578,392.59881710760544,1507.290753982702,453.355365978858,500,0.05,0.05,242.70924601729803,296.644634021142,5393.538800384401,489.2129223992312,1960.64611996156,10.0,53.93538800384401
157,31,0.5,117.49700372562452,371.0398260895716,1463.4207453799024,463.4207453799023,500,0.05,0.05,286.5792546200976,286.5792546200977,5731.585092401951,488.53682981519614,1926.8414907598049,10.0,57.315850924019514
158,32,0.55,142.09982952903454,345.7148605372416,1414.903976822594,475.8305264912133,500,0.05,0.05,335.0960231774061,274.1694735087867,6092.654966861929,487.8146900662761,1890.7345033138072,10.0,60.92654966861929
159,33,0.6,171.0069599174521,316.05488710367894,1361.8554106339304,491.2369404226202,500,0.05,0.05,388.14458936606957,258.7630595773798,6469.076489434492,487.06184702113103,1853.0923510565506,10.0,64.69076489434492
160,34,0.65,204.60628902999218,281.70097469984813,1304.9860712198094,510.3771152722051,500,0.05,0.05,445.01392878019055,239.62288472779488,6846.368135079855,486.3072637298403,1815.3631864920146,10.0,68.46368135079855
161,35,0.7,242.7978619514626,242.79786195146266,1245.850336602385,533.9358585438791,500,0.05,0.05,504.1496633976151,216.06414145612086,7202.138048537358,485.5957239029253,1779.7861951462642,10.0,72.02138048537358
162,36,0.75,284.6825928528419,200.30050981720714,1186.8663501268381,562.2887833756128,500,0.05,0.05,563.1336498731619,187.71121662438725,7508.448664975491,484.983102670049,1749.155133502451,10.0,75.08448664975491
163,37,0.8,328.49355853075565,156.0280430962259,1130.864065079262,595.2160162698156,500,0.05,0.05,619.135934920738,154.78398373018445,7739.199186509225,484.5216016269816,1726.0800813490775,10.0,77.39199186509225
164,38,0.85,371.99977914336665,112.24133048093132,1080.2471590326652,631.8083221822351,500,0.05,0.05,669.7528409673348,118.19167781776491,7879.445187850998,484.24110962429796,1712.0554812149003,10.0,78.79445187850997
165,39,0.9,413.2017028697,70.93871550298216,1036.3188267706971,670.7020918634108,500,0.05,0.05,713.6811732293029,79.29790813658917,7929.790813658921,484.1404183726822,1707.020918634108,10.0,79.29790813658921
166,40,0.95,450.8239017276377,33.37011820730082,999.2159469095791,710.4850498373462,500,0.05,0.05,750.7840530904209,39.514950162653804,7902.990032530746,484.1940199349385,1709.7009967469253,10.0,79.02990032530747
167,41,1.0,484.36615225070653,0.0,968.3076125353265,750.0,500,0.05,0.05,781.6923874646735,0.0,7816.923874646735,484.36615225070653,1718.3076125353264,10.0,78.16923874646736
168,42,0.0,0.0,4932.324668112458,1750.0,411.62334056229196,5000,0.005,0.005,0.0,338.37665943770804,,4932.324668112458,2161.623340562292,10.0,
169,43,0.05,61.23980152565321,4868.035623186685,1732.3188561780846,414.05826738360713,5000,0.005,0.005,17.681143821915384,335.94173261639287,3536.228764383077,4929.2754247123385,2146.377123561692,10.0,35.36228764383077
170,44,0.1,129.6727247468013,4796.285061746188,1712.9788932464944,416.8100392184505,5000,0.005,0.005,37.02110675350559,333.1899607815495,3702.110675350559,4925.95778649299,2129.788932464945,10.0,37.02110675350559
171,45,0.15,206.57439166647325,4715.764908006528,1691.7544747547506,419.9420236102532,5000,0.005,0.005,58.24552524524938,330.0579763897468,3883.0350163499584,4922.339299673001,2111.6964983650037,10.0,38.83035016349958
172,46,0.2,293.51638616690076,4624.867289305673,1668.3836754725733,423.5347018902927,5000,0.005,0.005,81.61632452742674,326.4652981097073,4080.816226371337,4918.3836754725735,2091.918377362866,10.0,40.80816226371337
173,47,0.25,392.44577138877537,4521.605266415348,1642.5637972551542,427.69139176546247,5000,0.005,0.005,107.43620274484579,322.30860823453753,4297.4481097938315,4914.051037804123,2070.255189020617,10.0,42.974481097938316
174,48,0.3,505.7844232319434,4403.514473147597,1613.9483445693102,432.5461373283906,5000,0.005,0.005,136.05165543068983,317.4538626716094,4535.0551810229945,4909.29889637954,2046.4944818977008,10.0,45.350551810229945
175,49,0.35,636.5479585038947,4267.536519980399,1582.1478373475145,438.2745550739556,5000,0.005,0.005,167.8521626524855,311.7254449260444,4795.7760757853,4904.084478484294,2020.42239242147,10.0,47.957760757853
176,50,0.4,788.4755486810666,4109.893960032863,1546.7390174278592,445.1085261417888,5000,0.005,0.005,203.26098257214085,304.8914738582112,5081.5245643035205,4898.3695087139295,1991.847543569648,10.0,50.815245643035205
177,51,0.45,966.1410529162579,3925.988171076054,1507.290753982702,453.355365978858,5000,0.005,0.005,242.70924601729803,296.644634021142,5393.538800384401,4892.129223992312,1960.64611996156,10.0,53.93538800384401
178,52,0.5,1174.9700372562452,3710.398260895716,1463.4207453799024,463.4207453799023,5000,0.005,0.005,286.5792546200976,286.5792546200977,5731.585092401951,4885.368298151961,1926.8414907598049,10.0,57.315850924019514
179,53,0.55,1420.9982952903454,3457.148605372416,1414.903976822594,475.8305264912133,5000,0.005,0.005,335.0960231774061,274.1694735087867,6092.654966861929,4878.146900662761,1890.7345033138072,10.0,60.92654966861929
180,54,0.6,1710.069599174521,3160.548871036789,1361.8554106339304,491.2369404226202,5000,0.005,0.005,388.14458936606957,258.7630595773798,6469.076489434492,4870.61847021131,1853.0923510565506,10.0,64.69076489434492
181,55,0.65,2046.062890299922,2817.009746998481,1304.9860712198094,510.3771152722051,5000,0.005,0.005,445.01392878019055,239.62288472779488,6846.368135079855,4863.072637298403,1815.3631864920146,10.0,68.46368135079855
182,56,0.7,2427.978619514626,2427.9786195146266,1245.850336602385,533.9358585438791,5000,0.005,0.005,504.1496633976151,216.06414145612086,7202.138048537358,4855.957239029252,1779.7861951462642,10.0,72.02138048537358
183,57,0.75,2846.825928528419,2003.0050981720715,1186.8663501268381,562.2887833756128,5000,0.005,0.005,563.1336498731619,187.71121662438725,7508.448664975491,4849.831026700491,1749.155133502451,10.0,75.08448664975491
184,58,0.8,3284.9355853075563,1560.280430962259,1130.864065079262,595.2160162698156,5000,0.005,0.005,619.135934920738,154.78398373018445,7739.199186509225,4845.216016269816,1726.0800813490775,10.0,77.39199186509225
185,59,0.85,3719.997791433667,1122.4133048093133,1080.2471590326654,631.8083221822351,5000,0.005,0.005,669.7528409673346,118.19167781776491,7879.445187850995,4842.41109624298,1712.0554812149005,10.0,78.79445187850996
186,60,0.9,4132.017028697,709.3871550298217,1036.3188267706971,670.7020918634108,5000,0.005,0.005,713.6811732293029,79.29790813658917,7929.790813658921,4841.404183726821,1707.020918634108,10.0,79.29790813658921
187,61,0.95,4508.239017276377,333.7011820730082,999.2159469095791,710.4850498373462,5000,0.005,0.005,750.7840530904209,39.514950162653804,7902.990032530746,4841.940199349386,1709.7009967469253,10.0,79.02990032530747
188,62,1.0,4843.6615225070655,0.0,968.3076125353265,750.0,5000,0.005,0.005,781.6923874646735,0.0,7816.923874646735,4843.6615225070655,1718.3076125353264,10.0,78.16923874646736
189,0,0.0,0.0,49.93186888925782,1750.0,409.34444628910745,50,5.0,0.5,0.0,340.65555371089255,,49.93186888925782,2159.3444462891075,100.0,
190,1,0.05,0.616804124960004,49.311967625100934,1732.1929375152336,411.66581278943886,50,5.0,0.5,17.807062484766448,338.33418721056114,3561.41249695329,49.92877175006094,2143.8587503046724,100.0,35.6141249695329
191,2,0.1,1.3067347910487195,48.61866375147261,1712.699271260665,414.2934413459851,50,5.0,0.5,37.300728739335,335.7065586540149,3730.0728739335,49.92539854252133,2126.99271260665,100.0,37.300728739335
192,3,0.15,2.082921450498911,47.83879373400575,1691.2863883784935,417.28953414479594,50,5.0,0.5,58.713611621506516,332.71046585520406,3914.240774767101,49.921715184504656,2108.5759225232896,100.0,39.14240774767101
193,4,0.2,2.961592767181912,46.956090583654955,1667.683350836864,420.73340334745654,50,5.0,0.5,82.31664916313593,329.26659665254346,4115.832458156797,49.91768335083687,2088.416754184321,100.0,41.15832458156797
194,5,0.25,3.9629321517161706,45.9503284693066,1641.575776278461,424.72732883538276,50,5.0,0.5,108.42422372153897,325.27267116461724,4336.968948861559,49.91326062102277,2066.3031051138437,100.0,43.369689488615585
195,6,0.3,5.112159565956234,44.79624178027402,1612.6020193453858,429.40471180590015,50,5.0,0.5,137.39798065461423,320.59528819409985,4579.932688487141,49.90840134623026,2042.006731151286,100.0,45.799326884871405
196,7,0.35,6.44084918790974,43.46220970934045,1580.3530701878337,434.94141606311985,50,5.0,0.5,169.64692981216626,315.05858393688015,4847.055137490464,49.90305889725019,2015.2944862509535,100.0,48.470551374904645
197,8,0.4,7.988408379690934,41.908782075287895,1544.3809099576588,441.57136493648824,50,5.0,0.5,205.6190900423412,308.42863506351176,5140.477251058531,49.897190454978826,1985.952274894147,100.0,51.40477251058531
198,9,0.45,9.80342592932734,40.08734036570178,1504.2241638155056,449.60731133006243,50,5.0,0.5,245.77583618449444,300.39268866993757,5461.6852485443205,49.89076629502912,1953.831475145568,100.0,54.616852485443204
199,10,0.5,11.944099918181667,37.9396866612288,1459.4664485261628,459.4664485261628,50,5.0,0.5,290.5335514738372,290.5335514738372,5810.671029476744,49.88378657941047,1918.9328970523256,100.0,58.10671029476744
200,11,0.55,14.47595090219706,35.40035858234996,1409.8510825043052,471.6963402307951,50,5.0,0.5,340.14891749569483,278.3036597692049,6184.525772648997,49.87630948454702,1881.5474227351003,100.0,61.84525772648997
201,12,0.6,17.463385378384924,32.40510765539745,1355.4791013471352,486.9860675647567,50,5.0,0.5,394.52089865286484,263.0139324352433,6575.348310881081,49.86849303378237,1842.4651689118919,100.0,65.75348310881081
202,13,0.65,20.950210358280017,28.910433827192954,1297.0936027871612,506.12732457770215,50,5.0,0.5,452.9063972128388,243.87267542229785,6967.790726351365,49.86064418547297,1803.2209273648634,100.0,69.67790726351365
203,14,0.7,24.926623059526175,24.926623059526182,1236.3614166832483,529.869178578535,50,5.0,0.5,513.6385833167517,220.13082142146504,7337.694047382167,49.85324611905236,1766.2305952617833,100.0,73.37694047382166
204,15,0.75,29.293226037365717,20.55368091451157,1175.9010695398283,558.6336898466095,50,5.0,0.5,574.0989304601717,191.3663101533905,7654.652406135622,49.84690695187729,1734.5347593864378,100.0,76.54652406135622
205,16,0.8,33.853299890340224,15.988891926896583,1118.7672689472163,592.1918172368041,50,5.0,0.5,631.2327310527837,157.80818276319587,7890.409138159796,49.84219181723681,1710.9590861840204,100.0,78.90409138159796
206,17,0.85,38.3607619160116,11.478649577554737,1067.4988476569297,629.5586201747523,50,5.0,0.5,682.5011523430703,120.44137982524774,8029.42532168318,49.83941149356633,1697.057467831682,100.0,80.2942532168318
207,18,0.9,42.60059937156786,7.2379308138591005,1023.3858344213245,669.2650927134805,50,5.0,0.5,726.6141655786755,80.7349072865195,8073.490728651949,49.83853018542696,1692.650927134805,100.0,80.73490728651949
208,19,0.95,46.442287770814595,3.396964871105474,986.4500491203266,709.8131604800171,50,5.0,0.5,763.5499508796734,40.18683951998287,8037.367903996561,49.83925264192007,1696.2632096003438,100.0,80.37367903996561
209,20,1.0,49.84118511856306,0.0,955.9255928153227,750.0,50,5.0,0.5,794.0744071846773,0.0,7940.744071846773,49.84118511856306,1705.9255928153227,100.0,79.40744071846774
210,21,0.0,0.0,499.3186888925782,1750.0,409.34444628910745,500,0.5,0.05,0.0,340.65555371089255,,499.3186888925782,2159.3444462891075,100.0,
211,22,0.05,6.168041249600041,493.1196762510093,1732.1929375152336,411.66581278943886,500,0.5,0.05,17.807062484766448,338.33418721056114,3561.41249695329,499.28771750060935,2143.8587503046724,100.0,35.6141249695329
212,23,0.1,13.067347910487195,486.1866375147261,1712.699271260665,414.2934413459851,500,0.5,0.05,37.300728739335,335.7065586540149,3730.0728739335,499.2539854252133,2126.99271260665,100.0,37.300728739335
213,24,0.15,20.829214504989107,478.3879373400575,1691.2863883784935,417.28953414479594,500,0.5,0.05,58.713611621506516,332.71046585520406,3914.240774767101,499.2171518450466,2108.5759225232896,100.0,39.14240774767101
214,25,0.2,29.61592767181912,469.5609058365495,1667.683350836864,420.73340334745654,500,0.5,0.05,82.31664916313593,329.26659665254346,4115.832458156797,499.17683350836865,2088.416754184321,100.0,41.15832458156797
215,26,0.25,39.629321517161706,459.503284693066,1641.5757762784608,424.72732883538276,500,0.5,0.05,108.42422372153919,325.27267116461724,4336.968948861568,499.1326062102277,2066.3031051138437,100.0,43.36968948861568
216,27,0.3,51.12159565956234,447.9624178027402,1612.6020193453858,429.40471180590015,500,0.5,0.05,137.39798065461423,320.59528819409985,4579.932688487141,499.08401346230255,2042.006731151286,100.0,45.799326884871405
217,28,0.35,64.4084918790974,434.6220970934045,1580.3530701878337,434.9414160631198,500,0.5,0.05,169.64692981216626,315.0585839368802,4847.055137490464,499.03058897250185,2015.2944862509535,100.0,48.470551374904645
218,29,0.4,79.88408379690935,419.08782075287894,1544.3809099576588,441.5713649364882,500,0.5,0.05,205.6190900423412,308.4286350635118,5140.477251058531,498.9719045497883,1985.952274894147,100.0,51.40477251058531
219,30,0.45,98.0342592932734,400.8734036570177,1504.2241638155056,449.6073113300624,500,0.5,0.05,245.77583618449444,300.3926886699376,5461.6852485443205,498.9076629502911,1953.831475145568,100.0,54.616852485443204
220,31,0.5,119.44099918181666,379.39686661228797,1459.4664485261628,459.4664485261628,500,0.5,0.05,290.5335514738372,290.5335514738372,5810.671029476744,498.83786579410463,1918.9328970523256,100.0,58.10671029476744
221,32,0.55,144.7595090219706,354.0035858234996,1409.851082504305,471.6963402307951,500,0.5,0.05,340.14891749569506,278.3036597692049,6184.525772649001,498.76309484547016,1881.5474227351,100.0,61.84525772649001
222,33,0.6,174.63385378384925,324.05107655397455,1355.4791013471352,486.9860675647567,500,0.5,0.05,394.52089865286484,263.0139324352433,6575.348310881081,498.6849303378238,1842.4651689118919,100.0,65.75348310881081
223,34,0.65,209.50210358280017,289.1043382719295,1297.0936027871612,506.12732457770215,500,0.5,0.05,452.9063972128388,243.87267542229785,6967.790726351365,498.6064418547297,1803.2209273648634,100.0,69.67790726351365
224,35,0.7,249.26623059526173,249.26623059526182,1236.3614166832483,529.869178578535,500,0.5,0.05,513.6385833167517,220.13082142146504,7337.694047382167,498.5324611905236,1766.2305952617833,100.0,73.37694047382166
225,36,0.75,292.9322603736572,205.53680914511568,1175.9010695398283,558.6336898466094,500,0.5,0.05,574.0989304601717,191.3663101533906,7654.652406135622,498.46906951877287,1734.5347593864376,100.0,76.54652406135622
226,37,0.8,338.53299890340224,159.88891926896582,1118.7672689472163,592.1918172368041,500,0.5,0.05,631.2327310527837,157.80818276319587,7890.409138159796,498.42191817236807,1710.9590861840204,100.0,78.90409138159796
227,38,0.85,383.607619160116,114.78649577554737,1067.4988476569297,629.5586201747523,500,0.5,0.05,682.5011523430703,120.44137982524774,8029.42532168318,498.3941149356633,1697.057467831682,100.0,80.2942532168318
228,39,0.9,426.0059937156786,72.379308138591,1023.3858344213245,669.2650927134805,500,0.5,0.05,726.6141655786755,80.7349072865195,8073.490728651949,498.3853018542696,1692.650927134805,100.0,80.73490728651949
229,40,0.95,464.42287770814596,33.969648711054745,986.4500491203266,709.8131604800171,500,0.5,0.05,763.5499508796734,40.18683951998287,8037.367903996561,498.3925264192007,1696.2632096003438,100.0,80.37367903996561
230,41,1.0,498.41185118563067,0.0,955.9255928153227,750.0,500,0.5,0.05,794.0744071846773,0.0,7940.744071846773,498.41185118563067,1705.9255928153227,100.0,79.40744071846774
231,42,0.0,0.0,4993.186888925782,1750.0,409.34444628910745,5000,0.05,0.005,0.0,340.65555371089255,,4993.186888925782,2159.3444462891075,100.0,
232,43,0.05,61.68041249600041,4931.196762510093,1732.1929375152336,411.66581278943886,5000,0.05,0.005,17.807062484766448,338.33418721056114,3561.41249695329,4992.877175006094,2143.8587503046724,100.0,35.6141249695329
233,44,0.1,130.67347910487194,4861.866375147261,1712.699271260665,414.2934413459851,5000,0.05,0.005,37.300728739335,335.7065586540149,3730.0728739335,4992.539854252133,2126.99271260665,100.0,37.300728739335
234,45,0.15,208.29214504989108,4783.879373400575,1691.2863883784935,417.28953414479594,5000,0.05,0.005,58.713611621506516,332.71046585520406,3914.240774767101,4992.171518450466,2108.5759225232896,100.0,39.14240774767101
235,46,0.2,296.15927671819117,4695.609058365495,1667.683350836864,420.73340334745654,5000,0.05,0.005,82.31664916313593,329.26659665254346,4115.832458156797,4991.768335083686,2088.416754184321,100.0,41.15832458156797
236,47,0.25,396.2932151716171,4595.03284693066,1641.575776278461,424.72732883538276,5000,0.05,0.005,108.42422372153897,325.27267116461724,4336.968948861559,4991.326062102276,2066.3031051138437,100.0,43.369689488615585
237,48,0.3,511.21595659562337,4479.624178027402,1612.6020193453858,429.40471180590015,5000,0.05,0.005,137.39798065461423,320.59528819409985,4579.932688487141,4990.840134623026,2042.006731151286,100.0,45.799326884871405
238,49,0.35,644.084918790974,4346.220970934045,1580.3530701878337,434.9414160631198,5000,0.05,0.005,169.64692981216626,315.0585839368802,4847.055137490464,4990.305889725019,2015.2944862509535,100.0,48.470551374904645
239,50,0.4,798.8408379690935,4190.878207528789,1544.3809099576588,441.57136493648824,5000,0.05,0.005,205.6190900423412,308.42863506351176,5140.477251058531,4989.719045497883,1985.952274894147,100.0,51.40477251058531
240,51,0.45,980.3425929327339,4008.7340365701775,1504.2241638155056,449.60731133006243,5000,0.05,0.005,245.77583618449444,300.39268866993757,5461.6852485443205,4989.076629502912,1953.831475145568,100.0,54.616852485443204
241,52,0.5,1194.4099918181666,3793.9686661228798,1459.4664485261628,459.4664485261628,5000,0.05,0.005,290.5335514738372,290.5335514738372,5810.671029476744,4988.378657941046,1918.9328970523256,100.0,58.10671029476744
242,53,0.55,1447.595090219706,3540.035858234996,1409.8510825043052,471.6963402307951,5000,0.05,0.005,340.14891749569483,278.3036597692049,6184.525772648997,4987.630948454702,1881.5474227351003,100.0,61.84525772648997
243,54,0.6,1746.3385378384924,3240.5107655397455,1355.4791013471352,486.9860675647567,5000,0.05,0.005,394.52089865286484,263.0139324352433,6575.348310881081,4986.849303378238,1842.4651689118919,100.0,65.75348310881081
244,55,0.65,2095.021035828002,2891.0433827192956,1297.0936027871612,506.12732457770215,5000,0.05,0.005,452.9063972128388,243.87267542229785,6967.790726351365,4986.0644185472975,1803.2209273648634,100.0,69.67790726351365
245,56,0.7,2492.6623059526173,2492.662305952618,1236.3614166832483,529.869178578535,5000,0.05,0.005,513.6385833167517,220.13082142146504,7337.694047382167,4985.3246119052355,1766.2305952617833,100.0,73.37694047382166
246,57,0.75,2929.3226037365716,2055.368091451157,1175.9010695398283,558.6336898466095,5000,0.05,0.005,574.0989304601717,191.3663101533905,7654.652406135622,4984.690695187728,1734.5347593864378,100.0,76.54652406135622
247,58,0.8,3385.329989034022,1598.8891926896583,1118.7672689472163,592.1918172368041,5000,0.05,0.005,631.2327310527837,157.80818276319587,7890.409138159796,4984.219181723681,1710.9590861840204,100.0,78.90409138159796
248,59,0.85,3836.07619160116,1147.8649577554736,1067.4988476569297,629.5586201747523,5000,0.05,0.005,682.5011523430703,120.44137982524774,8029.42532168318,4983.941149356634,1697.057467831682,100.0,80.2942532168318
249,60,0.9,4260.059937156786,723.7930813859101,1023.3858344213245,669.2650927134805,5000,0.05,0.005,726.6141655786755,80.7349072865195,8073.490728651949,4983.853018542696,1692.650927134805,100.0,80.73490728651949
250,61,0.95,4644.228777081459,339.6964871105474,986.4500491203266,709.8131604800171,5000,0.05,0.005,763.5499508796734,40.18683951998287,8037.367903996561,4983.925264192007,1696.2632096003438,100.0,80.37367903996561
251,62,1.0,4984.118511856306,0.0,955.9255928153227,750.0,5000,0.05,0.005,794.0744071846773,0.0,7940.744071846773,4984.118511856306,1705.9255928153227,100.0,79.40744071846774
